address,share,chain,referralENS,referralENSAddress
0x00003183f59e825911d98fb509a157cd2abbae25,1,Arbitrum,0xhamachi.eth,0xfefb7f992b7d8199ef3232ce3799bb6880390c4b
0xfefb7f992b7d8199ef3232ce3799bb6880390c4b,2,Arbitrum,,
0x000149026f7deb08734a6c7e66c026c445acac98,1,Arbitrum,hurryup.eth,0x5825847ef116f3811f565882bcf9b04c5c09e5f6
0x5825847ef116f3811f565882bcf9b04c5c09e5f6,1,Arbitrum,,
0x000f4432a40560bbff1b581a8b7aded8dab80026,4,Arbitrum,jonybecc.eth,0xca9ba74ee20917211ef646ac51accc287f27538b
0xca9ba74ee20917211ef646ac51accc287f27538b,2,Arbitrum,egas.eth,0x000f4432a40560bbff1b581a8b7aded8dab80026
0x0014ea9bbe130c8af7f00c8e61fc07368bdaaf7d,1,Arbitrum,helloslime.eth,0x38b38a61feb0df615d73cbc5b2612d6084cdba08
0x38b38a61feb0df615d73cbc5b2612d6084cdba08,1,Optimism,,
0x003f35595dce3187b4fff2b5a2c4303f7158208a,1,Arbitrum,thekingoflimbs.eth,0x5da2966a06e0730e5db34d9143c2a67cc13dd453
0x5da2966a06e0730e5db34d9143c2a67cc13dd453,1,Arbitrum,,
0x007de65790572b29bdd40bfbe4accc446f939088,1,Optimism,vishnugupta.eth,0x83fc0a680a65caf9cc24fbfdf19d8d7bebef25e5
0x83fc0a680a65caf9cc24fbfdf19d8d7bebef25e5,1,Optimism,,
0x00acf1f79ff43b1ff5b4ff28b537cbf27445869f,1,Optimism,voyageshelper.eth,0xf32249de62c49a8f3ef55ce564f8d4079db8564f
0xf32249de62c49a8f3ef55ce564f8d4079db8564f,1,Optimism,,
0x00f1403069dc9459e897b74cd3eda1b6236445f6,1,Arbitrum,poncho.eth,0xd4da14fbe0988d7e27cdcbfe92322527b11abd51
0xd4da14fbe0988d7e27cdcbfe92322527b11abd51,2,Arbitrum,fartinaround.eth,0xe223f40958f02d8656f9fd15172b13ba087b7b49
0x00f91504046cb47d24b7ac9ee6ae8f407bdca65f,1,Arbitrum,ekius.eth,0x8ca8d2cbc07edf6512cada0d2573c8f4802a1989
0x8ca8d2cbc07edf6512cada0d2573c8f4802a1989,3,Arbitrum,pythoncapital.eth,0x8ca8d2cbc07edf6512cada0d2573c8f4802a1989
0x012f3976c93260f7e4ce1289638278a870b6678d,1,Arbitrum,blazedbison.eth,0xa7d7ac8fe7e8693b5599c69cc7d4f6226677845b
0xa7d7ac8fe7e8693b5599c69cc7d4f6226677845b,4,Arbitrum,wktv.eth,0xdaf6f334d49abf1065e6d1dbf5ea04f563d424c2
0x015555fe4bb264525a601e3952546795ef1a40c1,1,Arbitrum,nooblin.eth,0xdeb6950588eab4250a3680754e4e7965afb85dfd
0xdeb6950588eab4250a3680754e4e7965afb85dfd,1,Arbitrum,,
0x015edbdd1dede3e011a694ecf48ca933661e0213,1,Arbitrum,jordienp.eth,0xf906685bfb2806f82cc923d43a5a2b37e3ecc592
0xf906685bfb2806f82cc923d43a5a2b37e3ecc592,1,Arbitrum,,
0x019ed608dd806b80193942f2a960e7ac8abb2ee3,1,Arbitrum,flowverse.eth,0x05f472d895f66c6bfd2efad2b622554d4a409c29
0x05f472d895f66c6bfd2efad2b622554d4a409c29,1,Arbitrum,,
0x0299455b03be0b51d8747aa4f9fee4cfd9008dc2,2,Arbitrum,asymrisk.eth,0xf2133ed357943e193714bfa507841361862dcbc6
0xf2133ed357943e193714bfa507841361862dcbc6,2,Arbitrum,suremark.eth,0x0299455b03be0b51d8747aa4f9fee4cfd9008dc2
0x02e05dbbf4df5d17cb3a0140f9643fe68cc4ae39,1,Optimism,amplice.eth,0x84641137bac4db68de94ec3d2ed89ace0aa88f20
0x84641137bac4db68de94ec3d2ed89ace0aa88f20,7,Arbitrum,ricemaximalist.eth,0xb0c4a240581db36e455e29356fcaba6490503b00
0x037dfd569defbc08ae28001159b4c49f6d006cff,1,Arbitrum,0xfren.eth,0x6cac20f5911e6040b91aa549ff636cd6da79c6c9
0x6cac20f5911e6040b91aa549ff636cd6da79c6c9,2,Arbitrum,,
0x03cddb901b84f7e4d49350fedf0b764ab6fcfe73,1,Arbitrum,angrylama.eth,0xbd57cdf5e109950f2be47bdf52b7622400c23bf7
0xbd57cdf5e109950f2be47bdf52b7622400c23bf7,1,Arbitrum,,
0x04212df3f275bb55fd6f7354fb4f1f44c1a7a007,1,Arbitrum,0xreorg.eth,0x766a6923a62d062fa6da59f91d9b669a85bc7b15
0x766a6923a62d062fa6da59f91d9b669a85bc7b15,2,Arbitrum,,
0x047c4d7af709ae19d3bbbd5f9e10461d2554da00,1,Arbitrum,pimplenis.eth,0xb3897952ce7a4cea159d232dae8d02ca8273372e
0xb3897952ce7a4cea159d232dae8d02ca8273372e,1,Arbitrum,,
0x049808d5eaa90a2665b9703d2246dded34f1eb73,1,Arbitrum,thefrozenthrone.eth,0x6957d2139d29e7db7913ac21e813f2a561e47ac8
0x6957d2139d29e7db7913ac21e813f2a561e47ac8,1,Arbitrum,,
0x04a0f10c0dcfa5a4c060e5421f385c2a0e541a94,4,Arbitrum,steven7.eth,0x04a0f10c0dcfa5a4c060e5421f385c2a0e541a94
0x04ec9dfda1145a86d11ed6df3afd7f92230e7f68,1,Arbitrum,olexander.eth,0xbcb4c8386c097589e7825aaeb9e7c6295835f1d6
0xbcb4c8386c097589e7825aaeb9e7c6295835f1d6,3,Arbitrum,alexcore.eth,0x38daea6f17e4308b0da9647db9ca6d84a3a7e195
0x067214ba2099775d25d82a3b814dc35ce0ceef72,2,Arbitrum,squelch.eth,0x067214ba2099775d25d82a3b814dc35ce0ceef72
0x09173487b272311edda01f45f97911aeb6abd602,1,Arbitrum,somerandomname.eth,0xce2726425feab8b3722c1d7860a2bf609adde6b2
0xce2726425feab8b3722c1d7860a2bf609adde6b2,1,Arbitrum,,
0x0941500854d6bf57f2256c01a6b485a4737c4f48,1,Arbitrum,dvdsmfer.eth,0x995d4816d5007b8ed0b7d93ce3c18aaade42e382
0x995d4816d5007b8ed0b7d93ce3c18aaade42e382,1,Arbitrum,,
0x09a87eb0a7724387bfbff9728c146c8b184d609d,1,Arbitrum,weenlester.eth,0xa887dc1f748232a42c3e02b31cb8d8460217a6c4
0xa887dc1f748232a42c3e02b31cb8d8460217a6c4,1,Arbitrum,,
0x0a649824e82d8c689b0f254d207056e1a6b3d8c9,2,Arbitrum,iameldon.eth,0x0a649824e82d8c689b0f254d207056e1a6b3d8c9
0x0ab754916b6f450f9ca0a31d9366ea0a7b44aeba,1,Arbitrum,bergy.eth,0xed6b3dc95e6e41156cde61a206668935d7e958a4
0xed6b3dc95e6e41156cde61a206668935d7e958a4,3,Arbitrum,,
0x0c726d9da0b670745c33558926f561a1a7537c3a,1,Optimism,surfski.eth,0x8f009a96f45514c31ee806fba7c4bfb842ff497e
0x8f009a96f45514c31ee806fba7c4bfb842ff497e,1,Optimism,,
0x0cdff14583404b02f4a490f45fcafd56a0247b0f,3,Arbitrum,0009p.eth,0xf119f37754c80200e6838424af3d4b56a00d669b
0xf119f37754c80200e6838424af3d4b56a00d669b,2,Optimism,,
0x0d801699678375e43d14f67453e24f17ebbaef8a,1,Optimism,mythic.eth,0x0d807d0ca70448078220efa878d43f61bce3a5c3
0x0d807d0ca70448078220efa878d43f61bce3a5c3,1,Optimism,,
0x0ded5e6b94c67b229e1fb735ef598e5c7f8803d1,2,Arbitrum,betterticket.eth,0x0ded5e6b94c67b229e1fb735ef598e5c7f8803d1
0x0e93982dc0e777261f9a4d7430f7c4f9032c498b,2,Arbitrum,bbc420.eth,0xbbc43cf94ad648d6e5c547485f67d0cbb8ad7420
0xbbc43cf94ad648d6e5c547485f67d0cbb8ad7420,2,Arbitrum,,
0x0f884db463def4e6918105c9b1b0fd399256dbe9,1,Optimism,minawallet.eth,0xe22cbcaa0324dfa1d83cb939239e11c306c9a03f
0xe22cbcaa0324dfa1d83cb939239e11c306c9a03f,2,Arbitrum,0x00eth.eth,0x4d477f1aabcfc2fc3fc9b802e861c013e0123ad9
0x103e2ad16624299f50f4d80dcd82c4ee687bcd87,1,Arbitrum,viperr.eth,0xcf10b967a9e422753812004cd59990f62e360760
0xcf10b967a9e422753812004cd59990f62e360760,2,Arbitrum,,
0x10d7a263a89e661f780e0eff8cbe59ded312e850,1,Arbitrum,netherdreams.eth,0xc66266b53618542db45be7f66dd8212e86d4882a
0xc66266b53618542db45be7f66dd8212e86d4882a,1,Arbitrum,,
0x112be8010ac3ae3aac99490002555297438ac394,1,Arbitrum,0xfren.eth,0x6cac20f5911e6040b91aa549ff636cd6da79c6c9
0x11414661e194b8b0d7248e789c1d41332904f2ba,2,Arbitrum,pinakolada.eth,0x33ab17c44929ab7b05d473f6d72d9fa7cda3d8e7
0x33ab17c44929ab7b05d473f6d72d9fa7cda3d8e7,2,Arbitrum,0xf2ba.eth,0x11414661e194b8b0d7248e789c1d41332904f2ba
0x1146a21769f81c9f2de05eae4dd117241b17d3c5,1,Arbitrum,zlatohlavek.eth,0x3592283e6b611f323db089b82946f6df2d1948ed
0x3592283e6b611f323db089b82946f6df2d1948ed,2,Arbitrum,,
0x1160387a36953afc5d80c0ea7b6b5447774af8e5,1,Arbitrum,amplice.eth,0x84641137bac4db68de94ec3d2ed89ace0aa88f20
0x12a101b3c28b0d4e611061980c8645c459663bf8,1,Arbitrum,mewnbox.eth,0x0433a92b2d656b45f60d09deac2220996a3e034f
0x0433a92b2d656b45f60d09deac2220996a3e034f,1,Arbitrum,,
0x1341df844780b66af4ccc98ae0f34be87eabe1d5,1,Arbitrum,wagame.eth,0xd70333d48d72082b211d05340c8e4f9a630b315e
0xd70333d48d72082b211d05340c8e4f9a630b315e,3,Arbitrum,,
0x134c6e76edf4bfb728454916040b84df8c792206,1,Arbitrum,annoyed.eth,0xcac59f91e4536bc0e79ab816a5cd54e89f10433c
0xcac59f91e4536bc0e79ab816a5cd54e89f10433c,3,Arbitrum,annoyed.eth,0xcac59f91e4536bc0e79ab816a5cd54e89f10433c
0x1397f64e326751f784a11b94cd4a3a2c452160bb,1,Arbitrum,fartinaround.eth,0xe223f40958f02d8656f9fd15172b13ba087b7b49
0xe223f40958f02d8656f9fd15172b13ba087b7b49,25,Arbitrum,fartinaround.eth,0xe223f40958f02d8656f9fd15172b13ba087b7b49
0x14b889b25e70f60d8dc0aa5f10c83680add61351,2,Arbitrum,peachmint.eth,0x14b889b25e70f60d8dc0aa5f10c83680add61351
0x1540f6fa70c04e5a5dac6a134d9dd03abd301b1a,1,Arbitrum,vfat.eth,0xef0ca09fbf9a5f61e657fb208b46b8685c1d4766
0xef0ca09fbf9a5f61e657fb208b46b8685c1d4766,14,Arbitrum,valueless.eth,0x87616fa850c87a78f307878f32d808dad8f4d401
0x16dcb6cc3bf04ca487d64c2fbb4c47a9f6af544b,1,Arbitrum,interndao.eth,0xd0918e0e4506954de84b99fdea396a848303dc03
0xd0918e0e4506954de84b99fdea396a848303dc03,9,Arbitrum,,
0x170d4c65a8a11fe8e8a44a25a47d0385338bc5e6,1,Arbitrum,interndao.eth,0xd0918e0e4506954de84b99fdea396a848303dc03
0x176746e6f3be14f7c213dc78049568c698ce73ea,1,Arbitrum,rainbowllama.eth,0xd6b010c705c30457f197bdc5e95b1dc52283ed92
0xd6b010c705c30457f197bdc5e95b1dc52283ed92,1,Arbitrum,,
0x184467c4a81e0e16d7ec03c9229657ab7682fa17,1,Arbitrum,interndao.eth,0xd0918e0e4506954de84b99fdea396a848303dc03
0x185196c8c5dd5729f22315203e09e33c3f7d7680,1,Arbitrum,gregthedev.eth,0xc5a07c29a71db1a8adb7fe8011608074dc64e94f
0xc5a07c29a71db1a8adb7fe8011608074dc64e94f,2,Arbitrum,,
0x18c84ea97bc7b16b3f930b89cb813b51a32334aa,1,Arbitrum,fartinaround.eth,0xe223f40958f02d8656f9fd15172b13ba087b7b49
0x19debb4733313f7d0da979b902f810d3feea06d9,1,Arbitrum,fartinaround.eth,0xe223f40958f02d8656f9fd15172b13ba087b7b49
0x19f0366b82b6045be25a370c7319bbcabbcce7fe,1,Arbitrum,fartinaround.eth,0xe223f40958f02d8656f9fd15172b13ba087b7b49
0x1a9a200a1cc1f701dde3c2bbbee7fc7061dc5e8c,1,Arbitrum,pedrox.eth,0x5833869fdeb4d371b854d7474f5f84b43320fd05
0x5833869fdeb4d371b854d7474f5f84b43320fd05,7,Arbitrum,,
0x1cff3d42921d8465d558dc4459a772c3e40273b9,1,Optimism,0x-doom.eth,0xe4453d379deb10667e13ba4d561e2c7fd3e99ff8
0xe4453d379deb10667e13ba4d561e2c7fd3e99ff8,3,Optimism,,
0x1d34c46a0ed5aae7834ca1cbaf97ac453319a2f8,1,Arbitrum,proadvisor.eth,0x657d7888f5b88c636ae7796075327cf5970623d9
0x657d7888f5b88c636ae7796075327cf5970623d9,1,Arbitrum,,
0x1d4b9b250b1bd41daa35d94bf9204ec1b0494ee3,2,Arbitrum,path.eth,0x1d4b9b250b1bd41daa35d94bf9204ec1b0494ee3
0x1e39cc29009ed4760c186d8771295c1e224882d4,1,Arbitrum,thunderbluff.eth,0x01f761805c90bc8abfaf504075afdb87e1e5dc08
0x01f761805c90bc8abfaf504075afdb87e1e5dc08,1,Arbitrum,,
0x1eb322c016815ee5b29c071586c1b75be5934576,1,Arbitrum,psyopsduck.eth,0x7cf6dc2db031b5c0a869738a682b51890756b24d
0x7cf6dc2db031b5c0a869738a682b51890756b24d,1,Arbitrum,,
0x1ee27f2803fb485507455584a0fe87e7c2747489,1,Optimism,blazedbison.eth,0xa7d7ac8fe7e8693b5599c69cc7d4f6226677845b
0x1ef8a0024942433871ba035bf14e4015e7583a77,2,Arbitrum,trick77.eth,0x1ef8a0024942433871ba035bf14e4015e7583a77
0x1f427a6fcdb95a7393c58552093e10a932890fa8,1,Arbitrum,cavkie.eth,0x1e6a29e9c42839e982a68dd6e42d465ba99323ff
0x1e6a29e9c42839e982a68dd6e42d465ba99323ff,1,Arbitrum,,
0x1fd7dae8ce6190509486e657629975e10ecfef60,1,Arbitrum,wooooooo.eth,0x9782b9c2c85c2e9db211cb6200065e312853e68c
0x9782b9c2c85c2e9db211cb6200065e312853e68c,1,Arbitrum,,
0x20f9e5a17b00350f1eaf9ad18bc5be0d54c0bc3f,2,Arbitrum,vadessa.eth,0xce4b87301ad7c336ef2f1b822ad8bd7e86249ebc
0xce4b87301ad7c336ef2f1b822ad8bd7e86249ebc,2,Arbitrum,sigmabale.eth,0x20f9e5a17b00350f1eaf9ad18bc5be0d54c0bc3f
0x213f6b2680dce3e4d0924acff3e4e34520ef9ba1,2,Arbitrum,0x7.eth,0x213f6b2680dce3e4d0924acff3e4e34520ef9ba1
0x21d79c2be4ab3de2802a60da66f86d497d06102b,1,Optimism,trackmyballs.eth,0x732c549bcaadc9333084784aabb0832e554dbf30
0x732c549bcaadc9333084784aabb0832e554dbf30,1,Optimism,,
0x245c817bb7c5648cdaddc96cee166173094391f6,2,Arbitrum,bykur.eth,0x5a27d268e830655e908a0a2c3b24f572695af5e8
0x5a27d268e830655e908a0a2c3b24f572695af5e8,2,Arbitrum,xsantmag.eth,0x245c817bb7c5648cdaddc96cee166173094391f6
0x24e2ce33c0d8ae58cda3544ebd37ed86688e8c38,1,Arbitrum,elpopo.eth,0x0cdff14583404b02f4a490f45fcafd56a0247b0f
0x251ccf44f5963ed48634067e71d392f340918c5c,1,Arbitrum,0x00000086.eth,0x894d8502aa32714b2ec0ea6956f26fae3dd2a551
0x894d8502aa32714b2ec0ea6956f26fae3dd2a551,3,Arbitrum,kryptogunner.eth,0xda9f6e5748c13bf79eaab5bbc515334d16d9b7e2
0x2612b77e5ee1b5feeddd5ec08731749bc2217f54,3,Optimism,ufhouck.eth,0x2612b77e5ee1b5feeddd5ec08731749bc2217f54
0x264217b2b74c1b3d85c199226c93dd341377443c,1,Optimism,pedrox.eth,0x5833869fdeb4d371b854d7474f5f84b43320fd05
0x26e2e8a24e867e5e96ea0c4913e659cdc8a97973,2,Arbitrum,whitedogshit.eth,0xa74d3f8d4c5a2f60e9a023f0e1fadc23359a319d
0xa74d3f8d4c5a2f60e9a023f0e1fadc23359a319d,1,Arbitrum,,
0x2757475d4bdf2f01711579010b885d410f8ed1c7,1,Arbitrum,smsunarto.eth,0xea23c259b637f72d80697d4a4d1302df9f64530b
0xea23c259b637f72d80697d4a4d1302df9f64530b,1,Arbitrum,,
0x2856cf9905d923469bb749e9787fc953b0a321e8,1,Optimism,0xwagmiacademy.eth,0x8320a6fe737fd626cc99e91058a7a3d7fc19751a
0x8320a6fe737fd626cc99e91058a7a3d7fc19751a,1,Arbitrum,,
0x2926bdf1f2b2769c889d89645ad69da5664f6872,1,Arbitrum,fartinaround.eth,0xe223f40958f02d8656f9fd15172b13ba087b7b49
0x292c6dae7417b3d31d8b6e1d2eea0258d14c4c4b,1,Optimism,vfat.eth,0xef0ca09fbf9a5f61e657fb208b46b8685c1d4766
0x2933c692a1e58855005485bf8bfa025a3f090f62,2,Arbitrum,dormin0x.eth,0x2cb00a7bc48d08053c2d651bb661ff2e794265ee
0x2cb00a7bc48d08053c2d651bb661ff2e794265ee,2,Arbitrum,soppresamurai.eth,0x2933c692a1e58855005485bf8bfa025a3f090f62
0x2954545252353dcd73d191c0af1ab73c9f456e46,1,Arbitrum,zhangqiang.eth,0xf1813be6bad156bfc8071b246152b19497c6170d
0xf1813be6bad156bfc8071b246152b19497c6170d,1,Arbitrum,,
0x2968bd1a20f99d64fd6db2e32af4ca68d197d3dd,1,Arbitrum,noahfields.eth,0xdef6914923451daad3e7b6d53cbe6b2a9d85d29f
0xdef6914923451daad3e7b6d53cbe6b2a9d85d29f,3,Arbitrum,noahfields.eth,0xdef6914923451daad3e7b6d53cbe6b2a9d85d29f
0x2a0059610c92842dc2ef84af76b244c28687e647,3,Arbitrum,fka.grayem.eth,0x583e76ffb9b25129e1b26ca4f7f873dae8093e26
0x583e76ffb9b25129e1b26ca4f7f873dae8093e26,3,Arbitrum,kennyfuckingpowers.eth,0x2a0059610c92842dc2ef84af76b244c28687e647
0x2a16e92eceefa1026ecb9eb0e10cbe7e9fae1f90,1,Arbitrum,certifiedmunch.eth,0x04f3c550216a29fdea8c7cf56823b7ed2fff8eff
0x04f3c550216a29fdea8c7cf56823b7ed2fff8eff,1,Arbitrum,,
0x2a2cd7400f922085b62ca9bd9ac0f16151f716ab,1,Optimism,0x8cai.eth,0x5fc1063dd07eccc4590a7c1db56fb6d0083e4549
0x5fc1063dd07eccc4590a7c1db56fb6d0083e4549,1,Arbitrum,,
0x2a7051d7cbbef7b6889f8e14774020b1653b94c1,2,Arbitrum,amplice.eth,0x84641137bac4db68de94ec3d2ed89ace0aa88f20
0x2b26da567c2a8c220daf91be8e37a429d33aef0b,1,Arbitrum,bergy.eth,0xed6b3dc95e6e41156cde61a206668935d7e958a4
0x2b3d7382e3ee91a42ac6e2c45c8fbce6c5639310,2,Arbitrum,phof3.eth,0x3b55efe82993a5768b9c18b1da92b22d6731353b
0x3b55efe82993a5768b9c18b1da92b22d6731353b,4,Arbitrum,01357.eth,0x2b3d7382e3ee91a42ac6e2c45c8fbce6c5639310
0x2dedeed864baf0728e700696333a79f13a5858e1,1,Optimism,superbib.eth,0x5976dabe2d82f8d103810be1bb9d3a652f51e0b5
0x5976dabe2d82f8d103810be1bb9d3a652f51e0b5,1,Optimism,,
0x2ec1d7a211245d31aaad13ffc11a06e2b21d56e3,1,Arbitrum,thefrogpepe.eth,0x5660d44caa2ed7ab877831ee543f65bf7f45b61b
0x5660d44caa2ed7ab877831ee543f65bf7f45b61b,1,Arbitrum,,
0x2fcc020f72e5d2edd2a24d04f3dc90d7fdfbd1dd,1,Arbitrum,egas.eth,0x000f4432a40560bbff1b581a8b7aded8dab80026
0x30f8a91035da662722b72ab32efa454b2530b530,1,Arbitrum,hituu.eth,0xa06b3f656366f43c95a980e0427f84904f5da6be
0xa06b3f656366f43c95a980e0427f84904f5da6be,1,Arbitrum,,
0x31331ec182777b3e3cf127f4709a8aaa8f76e549,1,Arbitrum,0x00000086.eth,0x894d8502aa32714b2ec0ea6956f26fae3dd2a551
0x31ae2c2caec2bc9211cc6e55d73dc3e874babdbb,1,Arbitrum,degeneroach.eth,0xe22158765f79d344400adee7d71a04522fde46ce
0xe22158765f79d344400adee7d71a04522fde46ce,1,Arbitrum,,
0x31d173ea66fa8fba38b3ddb798c1c1098f3ae8c5,1,Arbitrum,zlatohlavek.eth,0x3592283e6b611f323db089b82946f6df2d1948ed
0x3238b53a910b69f5dbdb31786613ce944536ba19,1,Arbitrum,nightman.eth,0xee70a44d03ceeb205f1a0bd776d41ef4633f8950
0xee70a44d03ceeb205f1a0bd776d41ef4633f8950,1,Arbitrum,,
0x32cb4d6093b854061c63c1d3f243347a45a17e0b,2,Arbitrum,craznftape.eth,0x32cb4d6093b854061c63c1d3f243347a45a17e0b
0x33dfba48f77f4dff1b69532b523ebb076da3c33c,2,Optimism,swagstar.eth,0x33dfba48f77f4dff1b69532b523ebb076da3c33c
0x33f144aa851e9e55b042f46014bb4f737bc777bf,1,Arbitrum,000000000021.eth,0xc48205a98c7034c584dd9980d656ba0309018fbf
0xc48205a98c7034c584dd9980d656ba0309018fbf,1,Arbitrum,,
0x3453d22166068cbb78ef942f64252eb937d67f3f,2,Arbitrum,fudlife.eth,0xc58fc00860796fade2eab9e5b761f4855374cd39
0xc58fc00860796fade2eab9e5b761f4855374cd39,2,Optimism,moneyskeleton.eth,0x3453d22166068cbb78ef942f64252eb937d67f3f
0x3461551e8a9d68314fdd43eb81f98044da4a1461,2,Arbitrum,nehemiah.eth,0x7f2466ae8badee7dc0109edd0b6dde08c432236c
0x7f2466ae8badee7dc0109edd0b6dde08c432236c,2,Arbitrum,aboliki.eth,0x3461551e8a9d68314fdd43eb81f98044da4a1461
0x348541eb9604d28ad14274a397e9396f7ba955bc,1,Optimism,jimmy-g.eth,0xd20b35d73d5b35e600ec6493772ad1f7e3dc3b5f
0xd20b35d73d5b35e600ec6493772ad1f7e3dc3b5f,1,Arbitrum,,
0x3638ed87fa845a9d74ff7136da95163630bf35c8,2,Arbitrum,tipyourdj.eth,0xa58b4a80de82b889ff40e487c58208a429c77f88
0xa58b4a80de82b889ff40e487c58208a429c77f88,2,Arbitrum,nateft.eth,0x3638ed87fa845a9d74ff7136da95163630bf35c8
0x37a6156e4a6e8b60b2415af040546cf5e91699bd,2,Arbitrum,jgr33nwood.eth,0xd8c84eac995150662cc052e6ac76ec184fcf1122
0xd8c84eac995150662cc052e6ac76ec184fcf1122,2,Optimism,greenjeff.eth,0x37a6156e4a6e8b60b2415af040546cf5e91699bd
0x37cc9556e2a4fa3b9901c2a4790fc3e6989ce4a7,1,Optimism,chaindoe.eth,0xc3fe8898d85dbc3394499d0ea2613fc443546266
0xc3fe8898d85dbc3394499d0ea2613fc443546266,1,Arbitrum,,
0x386ee9dc427598e3f8f03203c2aca0a342f3ea96,1,Arbitrum,grayem.eth,0xb71ee723b21ce00804745067a762f3e08f4ee41b
0xb71ee723b21ce00804745067a762f3e08f4ee41b,3,Arbitrum,fka.grayem.eth,0x583e76ffb9b25129e1b26ca4f7f873dae8093e26
0x3881871c3621e9a8bb9f5c046a2c944c24229874,1,Arbitrum,vfat.eth,0xef0ca09fbf9a5f61e657fb208b46b8685c1d4766
0x38daea6f17e4308b0da9647db9ca6d84a3a7e195,3,Arbitrum,olexander.eth,0xbcb4c8386c097589e7825aaeb9e7c6295835f1d6
0x39de56518e136d472ef9645e7d6e1f7c6c8ed37b,1,Arbitrum,thelliand.eth,0x7c3b11c733537ad761811d69d21db4f7f2b9fa75
0x7c3b11c733537ad761811d69d21db4f7f2b9fa75,1,Arbitrum,,
0x3ad88d19282c9020dc305b75165eed3e8833efca,1,Optimism,ninjafungibull.eth,0xd0594d3984eb00d2730db00531f87e89a63645dd
0xd0594d3984eb00d2730db00531f87e89a63645dd,1,Optimism,,
0x3b2534b8ea1f9a8bf9d9915b91bae673d161f2a5,1,Arbitrum,darkbluechain.eth,0xf9107317b0ff77ed5b7adea15e50514a3564002b
0xf9107317b0ff77ed5b7adea15e50514a3564002b,1,Arbitrum,,
0x3b4c30bcf5b90626fc2d589c25280679217312ff,1,Arbitrum,panda123.eth,0x59438894262efc82ad080445db622e92398d21a4
0x59438894262efc82ad080445db622e92398d21a4,1,Arbitrum,,
0x3bb8d70932685e75fb11c166b2c30f5b0a0c959e,1,Arbitrum,xhezi.eth,0xf26f5f7a8de089fac84641adc6529782e686ade9
0xf26f5f7a8de089fac84641adc6529782e686ade9,1,Arbitrum,,
0x3bc1158e5bce8c10e5da0edfbb94b261eec46a76,1,Arbitrum,tjark.eth,0x9f36a6bb398118bdcd5b1bc3343d8feb6d7d02b9
0x9f36a6bb398118bdcd5b1bc3343d8feb6d7d02b9,1,Arbitrum,,
0x3c2d6d7144241f1f1203c29c124585e55b58975e,2,Optimism,pujimak.eth,0x981cac16246d9641be07bba6e19e304b74b173bc
0x981cac16246d9641be07bba6e19e304b74b173bc,1,Arbitrum,,
0x3c6cf50343d972db4373a3e8482c9681efbda6f6,2,Arbitrum,wzrdry.eth,0xfe2a94ecd89745f3c3099067f9738296941dbc9d
0xfe2a94ecd89745f3c3099067f9738296941dbc9d,2,Arbitrum,xcellsior.eth,0x3c6cf50343d972db4373a3e8482c9681efbda6f6
0x3d16451a4b73e778bfec126025ba79716a17e32d,2,Arbitrum,slump.eth,0x3d16451a4b73e778bfec126025ba79716a17e32d
0x3d909b6cb958a32f1a6e0d016c387a3a2c8decd1,1,Arbitrum,planch.eth,0xab9119555703be8e13a511972271aa800d8255c2
0xab9119555703be8e13a511972271aa800d8255c2,1,Arbitrum,,
0x3e3523949511e2954682e0b9be2826254b4fab5b,1,Arbitrum,huevos.eth,0xf1ae9c34000e41098cfc923f00fd08c1801d27ba
0xf1ae9c34000e41098cfc923f00fd08c1801d27ba,1,Arbitrum,,
0x3ec6732676db7996c1b34e64b0503f941025cb63,2,Arbitrum,sharesome.eth,0xc4ed448e7d7bdd954e943954459017be63584f69
0xc4ed448e7d7bdd954e943954459017be63584f69,2,Arbitrum,elizab.eth,0x3ec6732676db7996c1b34e64b0503f941025cb63
0x3fd1ddf28f604cfe5fefa3adc38e38be2f7208d6,1,Arbitrum,mazzi.eth,0xbd8a92e249090249c5fb2ff71e47b69fb650d3af
0xbd8a92e249090249c5fb2ff71e47b69fb650d3af,2,Arbitrum,,
0x40389e4389192a2cfdc02c53bdf28c9817b5e483,1,Arbitrum,pouch.codemonkey.eth,0x5b7aa47a8ae661db9e63030f57f68134317ba205
0x5b7aa47a8ae661db9e63030f57f68134317ba205,2,Arbitrum,codejunkie.eth,0x9074bc544768423c0d9c9a109c0063cd3bb1f810
0x41271624fd58fd46cea2db1e76069327f6d6d412,1,Arbitrum,fartinaround.eth,0xe223f40958f02d8656f9fd15172b13ba087b7b49
0x41d0faaa1023cea1bd8c600291ee35fb218ce2e1,2,Arbitrum,kom6auhep.eth,0x41d0faaa1023cea1bd8c600291ee35fb218ce2e1
0x41d99f70fe069e8e16c00d827ff58d53ec43e12e,1,Arbitrum,pidoras.eth,0xac1b80e06f970879bfb8f2b92b59442593f332b6
0xac1b80e06f970879bfb8f2b92b59442593f332b6,1,Arbitrum,,
0x43930ff04d18a5b59805151c1eb403c55870641e,1,Optimism,nameisname.eth,0xd299dfc7fac78e76cbd6492bd1606df662b1e848
0xd299dfc7fac78e76cbd6492bd1606df662b1e848,1,Optimism,,
0x451782b1fac3b8020309c1fa9203b01bf82deabe,1,Arbitrum,sgtslaughtermelon.eth,0xa3e51498579db0f7bb1ec9e3093b2f44158e25a5
0xa3e51498579db0f7bb1ec9e3093b2f44158e25a5,2,Optimism,elegy.eth,0x74df3f79e48220af12c8da4737be2de223836c99
0x454ed6c987d6bde0606a07d2a849fdedd3d18ec2,1,Arbitrum,ethpocalypse.eth,0x30a39fcd4d538b3434ea0d2877292cc0f45a79cf
0x30a39fcd4d538b3434ea0d2877292cc0f45a79cf,1,Arbitrum,,
0x463d68b8a652b8022b44782bc40783714ad4208f,1,Arbitrum,amplice.eth,0x84641137bac4db68de94ec3d2ed89ace0aa88f20
0x4644a9afe25b01405b9099c32fbf123f919d4838,1,Arbitrum,zappin.eth,0xa5b6b941276a5dd83193b357d423622fde95ead8
0xa5b6b941276a5dd83193b357d423622fde95ead8,1,Arbitrum,,
0x468c2dac680f0600bf8c86b6a8bbffc81f82f159,1,Arbitrum,quildia.eth,0x0ae3d5949202165584a270cbac7a733b0307a766
0x0ae3d5949202165584a270cbac7a733b0307a766,1,Arbitrum,,
0x4718fc7e40092a9d5fc584699aea1aa4c6f63d33,1,Arbitrum,mazzi.eth,0xbd8a92e249090249c5fb2ff71e47b69fb650d3af
0x473668e5f99e0e0bfa66c2c979e9cd26761f2f62,1,Arbitrum,vfat.eth,0xef0ca09fbf9a5f61e657fb208b46b8685c1d4766
0x4740988434aab9d22d5e096f0551605be9f9637d,1,Arbitrum,brrcapital.eth,0xd0cd8ea7563cdc2bb8ad6a6be2e5b5d56b80595a
0xd0cd8ea7563cdc2bb8ad6a6be2e5b5d56b80595a,1,Arbitrum,,
0x47bf754d7da7a72a2c4a2764e18d374a1c2bf40e,1,Arbitrum,fartinaround.eth,0xe223f40958f02d8656f9fd15172b13ba087b7b49
0x47fc790fdfdb3259caaad1242b9a2e9df3b2eec3,1,Arbitrum,fartinaround.eth,0xe223f40958f02d8656f9fd15172b13ba087b7b49
0x4831fae5df05008cce984d71ee4e6fa78b09d53e,1,Arbitrum,fartinaround.eth,0xe223f40958f02d8656f9fd15172b13ba087b7b49
0x4864e9ba3ab4270e338d1d52a49c383294c34134,1,Arbitrum,huatar.eth,0x48888db73eb818dec38fed2c8d4d08252177de0d
0x48888db73eb818dec38fed2c8d4d08252177de0d,1,Optimism,,
0x49739691fb5f3992b3f2536f309d955558e75933,1,Optimism,ragnarmeta.eth,0xd716ad4f10eade5af4ed10006678f49bd2e6624f
0xd716ad4f10eade5af4ed10006678f49bd2e6624f,1,Optimism,,
0x4a0f8323a112944d54c4630e10eb77c198fa9e4c,1,Arbitrum,eth.will123.eth,0x8d376c5ffbeb3fd49eea7b6447df493ced1c18af
0x8d376c5ffbeb3fd49eea7b6447df493ced1c18af,1,Arbitrum,,
0x4b7fbe2d88065d6e95334814a1f3b0b475c51869,1,Optimism,0x-doom.eth,0xe4453d379deb10667e13ba4d561e2c7fd3e99ff8
0x4d477f1aabcfc2fc3fc9b802e861c013e0123ad9,8,Arbitrum,0x00eth.eth,0x4d477f1aabcfc2fc3fc9b802e861c013e0123ad9
0x4f6f32e1692566d335e7498a1ff9a1c1af43106b,1,Arbitrum,0xhabib.eth,0x00b1c4f1978b650072cbde5a85440489bd03a13c
0x00b1c4f1978b650072cbde5a85440489bd03a13c,1,Arbitrum,,
0x4fd6ec561db1d7d5c2fb92950c6d31dfa01a0614,1,Arbitrum,fartinaround.eth,0xe223f40958f02d8656f9fd15172b13ba087b7b49
0x5122b4d90185958faa110a3a02b647c755b977fd,1,Arbitrum,pedrox.eth,0x5833869fdeb4d371b854d7474f5f84b43320fd05
0x524cb61b52414a8413e6edec12891b11f71a711d,2,Arbitrum,rbull.eth,0x524cb61b52414a8413e6edec12891b11f71a711d
0x540e9f78d6265aaa9ad320f31ac38ff2553f6f5f,1,Optimism,hartel.eth,0xf9e1d1e9f22c96752356adfd377231528c7e851e
0xf9e1d1e9f22c96752356adfd377231528c7e851e,2,Arbitrum,,
0x543b361d439d150da1b1ef09249a43448879dbd4,1,Arbitrum,fartinaround.eth,0xe223f40958f02d8656f9fd15172b13ba087b7b49
0x549efe37d5460450a989babc748b6a0b26b64f40,1,Arbitrum,fartinaround.eth,0xe223f40958f02d8656f9fd15172b13ba087b7b49
0x550339b44e603c3cbe6b0c00cf70bbfe16c5a04a,1,Arbitrum,misternick.eth,0x52e2a414c65bd8ea41b6c5b5276ed9452ecad088
0x52e2a414c65bd8ea41b6c5b5276ed9452ecad088,1,Arbitrum,,
0x55956aaad86b318992e7f6dbd8e41923f6829606,1,Arbitrum,tacodreamcrusher.eth,0x4cddff23d036e15fe786508ffa39b27f73b4a01a
0x4cddff23d036e15fe786508ffa39b27f73b4a01a,1,Arbitrum,,
0x5662696f3487304a50ac51889c4e30592b6b25f6,1,Arbitrum,quietword.eth,0x03f67e7553f13c1c6ea7a4900209cdc0a4e0fcba
0x03f67e7553f13c1c6ea7a4900209cdc0a4e0fcba,1,Arbitrum,,
0x575740f581038f792425670fa6bfebcc8e4dcdff,3,Arbitrum,flipdrago.eth,0x575740f581038f792425670fa6bfebcc8e4dcdff
0x58292dccdb7609540b8520b60d448fd8395740fd,1,Arbitrum,sanqtuarian.eth,0x368706b2f299635e63b513f93f329fae8f366b48
0x368706b2f299635e63b513f93f329fae8f366b48,1,Arbitrum,,
0x582f29ebf4d95c870ba319bf37aedc5ca87ed006,1,Arbitrum,fartinaround.eth,0xe223f40958f02d8656f9fd15172b13ba087b7b49
0x5877af7fc64e26c695806e2fd7e083c8511e61f1,2,Arbitrum,backspace.eth,0x5877af7fc64e26c695806e2fd7e083c8511e61f1
0x58e711c0a4f28ce553ceb77a9fc0eefe55a473e4,2,Arbitrum,cryptolawyerindia.eth,0x58e711c0a4f28ce553ceb77a9fc0eefe55a473e4
0x597bea912e8734e17ddc4f43a489a1472d9459cf,1,Arbitrum,turiyatheone.eth,0xebecd65d9e336e1ffc45aa781f30609d635eddfb
0xebecd65d9e336e1ffc45aa781f30609d635eddfb,1,Optimism,,
0x59ff1bf42dd7fb45963863cf75c9d7760ff27c90,1,Arbitrum,alionaalias.eth,0x04c4a90801d1ef5ae8576a0a5bdd8eeab362a644
0x04c4a90801d1ef5ae8576a0a5bdd8eeab362a644,3,Arbitrum,,
0x5a1b8d6a57445deced8f816310fdb0aa6367cf10,2,Arbitrum,dcfpascal.eth,0xdfb7009edd56ada61ce83ef03111815efa604c7e
0xdfb7009edd56ada61ce83ef03111815efa604c7e,2,Arbitrum,0xethisbest.eth,0x5a1b8d6a57445deced8f816310fdb0aa6367cf10
0x5a9d37291d786e6f292975b431574c2e9d05cefa,2,Arbitrum,atica.eth,0xaccc0bc8dfdcd2841a74b74bc30d51c1d9e011b8
0xaccc0bc8dfdcd2841a74b74bc30d51c1d9e011b8,2,Arbitrum,ainbessem.eth,0x5a9d37291d786e6f292975b431574c2e9d05cefa
0x5aaaef91f93be4de932b8e7324abbf9f26daa706,2,Arbitrum,hicortex.eth,0xfc3bbb6832f452584841b668434170a83e77c50d
0xfc3bbb6832f452584841b668434170a83e77c50d,2,Arbitrum,cringe.eth,0x5aaaef91f93be4de932b8e7324abbf9f26daa706
0x9074bc544768423c0d9c9a109c0063cd3bb1f810,2,Arbitrum,codemonkey.eth,0x0e93982dc0e777261f9a4d7430f7c4f9032c498b
0x5bfcd9fe67a606a6b6756db3db647ea166e91aa0,1,Arbitrum,kungen.eth,0x2be21ec97c340301e903f65f66901a23c48f4873
0x2be21ec97c340301e903f65f66901a23c48f4873,1,Arbitrum,,
0x5c648ad819217f69268caa8af95bfb8cc81d5154,2,Optimism,bodaciouspirate.eth,0xa2e9ec27b948d85b11f7935728cb68e11d73d8fd
0xa2e9ec27b948d85b11f7935728cb68e11d73d8fd,3,Arbitrum,bodegapirate.eth,0x5c648ad819217f69268caa8af95bfb8cc81d5154
0x5cafbd5ae3ebeefeae0a1ef6ef21177df4e961a4,1,Optimism,0x-doom.eth,0xe4453d379deb10667e13ba4d561e2c7fd3e99ff8
0x5d2a62c53f8449c8a75c46b4a11ec64e35a7d525,1,Arbitrum,martinhuber.eth,0x4d3420e98408e4a2c653a3f3e2bfc2cdfcfb3fca
0x4d3420e98408e4a2c653a3f3e2bfc2cdfcfb3fca,1,Arbitrum,,
0x5d46ed7405a8a87492cd139fcd38bce60cb5030e,1,Optimism,l2nft.eth,0x84e3e0f568ed68b4f6827fe797444b3d5b1fd8b5
0x84e3e0f568ed68b4f6827fe797444b3d5b1fd8b5,2,Optimism,0x00eth.eth,0x4d477f1aabcfc2fc3fc9b802e861c013e0123ad9
0x5d9e720a1c16b98ab897165803c4d96e8060b8e4,1,Arbitrum,vfat.eth,0xef0ca09fbf9a5f61e657fb208b46b8685c1d4766
0x5e03b07ae157ee1ca5bf2f3cbe5bc8dc38f3e965,2,Optimism,dmor0x.eth,0x5e03b07ae157ee1ca5bf2f3cbe5bc8dc38f3e965
0x5e46884a77e0ac5f3126e30720bd5218814dc5e2,1,Arbitrum,anime-enjoyer.eth,0x7693c3545667309f112eb2d1a0d7bdfcfc536411
0x7693c3545667309f112eb2d1a0d7bdfcfc536411,1,Arbitrum,,
0x5e93781e8bac02c42d1efb9c80c7b9962ca66215,1,Arbitrum,sambuykucoin.eth,0x9466ebf24b2761fba6cbfd7f93d306c017325de7
0x9466ebf24b2761fba6cbfd7f93d306c017325de7,1,Arbitrum,,
0x62829329c68114e2da0d477db5eff363ae1855fd,1,Arbitrum,0x00eth.eth,0x4d477f1aabcfc2fc3fc9b802e861c013e0123ad9
0x62b8e69f9540305cbcce6a94830597ecaaa8183d,2,Arbitrum,tikitrade.eth,0x62b8e69f9540305cbcce6a94830597ecaaa8183d
0x634775efe2d77ff787fa843a57e752b9bd515f41,2,Optimism,sergwarn.eth,0x634775efe2d77ff787fa843a57e752b9bd515f41
0x63a370abfc8ed6132025f6dc8244ddf6205c174b,3,Arbitrum,0xmoei.eth,0x63a370abfc8ed6132025f6dc8244ddf6205c174b
0x64df7af696e0977771a0e1e1b1a8dd22ded3cf4b,2,Arbitrum,hollymolly.eth,0x64df7af696e0977771a0e1e1b1a8dd22ded3cf4b
0x6637b4b8fc4102135340509e294beeebf4793fa7,2,Arbitrum,reitio.eth,0x6637b4b8fc4102135340509e294beeebf4793fa7
0x682bde2ac78bcc2df7d19dfa747cc6dce9d3392b,1,Arbitrum,catchingknives.eth,0xb700fb427923f0e8c1b4e24fc2209e9d75a818ec
0xb700fb427923f0e8c1b4e24fc2209e9d75a818ec,1,Arbitrum,,
0x68781516d80ec9339ecdf5996dfbcafb8afe8e22,1,Arbitrum,yannickcrypto.eth,0xe747c2d98e21de4f170fb65e84e8fa2f840c6e1c
0xe747c2d98e21de4f170fb65e84e8fa2f840c6e1c,1,Arbitrum,,
0x6977e753e022f65ebeb170d8267b2ea54a431523,1,Arbitrum,nigeldesouza.eth,0xa33d5219be42c8876af956c647cda911103de931
0xa33d5219be42c8876af956c647cda911103de931,1,Arbitrum,,
0x6981378e696b0dd0e585d4d519c98b8a2c5bc020,1,Arbitrum,betaine.eth,0xf59c5d30d10acbdcd67a0fc05e32246bc65ab7a2
0xf59c5d30d10acbdcd67a0fc05e32246bc65ab7a2,1,Arbitrum,,
0x69e6717964273a4b031242bfcc904469ed7171dd,1,Arbitrum,57street.eth,0xa6e4dbf0d11752fd698d8b124fccd17665df7e57
0xa6e4dbf0d11752fd698d8b124fccd17665df7e57,1,Optimism,,
0x6b71a2ded86b4caf125b9ca54288883550454c18,1,Arbitrum,ufhouck.eth,0x2612b77e5ee1b5feeddd5ec08731749bc2217f54
0x6bcc8a952fbc6dd37626250487808924db2e8b24,2,Arbitrum,cdoyle.eth,0x902fe20bdd1769a14e7c92a0fe7bbb1db1935af7
0x902fe20bdd1769a14e7c92a0fe7bbb1db1935af7,2,Arbitrum,zkchad.eth,0x6bcc8a952fbc6dd37626250487808924db2e8b24
0x6ca7b32902ea9dcf9e184830b85c7ba40b742811,1,Arbitrum,neverskiplegday.eth,0xbcae9454240181f92d2e5f60103bdf3c2cf0cb42
0xbcae9454240181f92d2e5f60103bdf3c2cf0cb42,1,Arbitrum,,
0x6cd68e8f04490cd1a5a21cc97cc8bc15b47dc9eb,1,Arbitrum,bananasiong.eth,0xbe73748446811ebc2a4ddddcd55867d013d6136e
0xbe73748446811ebc2a4ddddcd55867d013d6136e,1,Arbitrum,,
0x6d526f6b4c86fbdc8e359e6bef4cd6a42acea2d7,1,Arbitrum,amplice.eth,0x84641137bac4db68de94ec3d2ed89ace0aa88f20
0x6da0a1784de1abdde1734ba37eca3d560bf044c0,3,Optimism,mxjxn.eth,0x6da0a1784de1abdde1734ba37eca3d560bf044c0
0x700ce029b0f9d89491321199908e6a46c38e8e9a,1,Arbitrum,menelaos.eth,0x114b94baca61be75af03ff334c4721c62f619a6b
0x114b94baca61be75af03ff334c4721c62f619a6b,2,Optimism,,
0x70e7a6621f4cb3c3e073d0539899f49fc88424c0,3,Arbitrum,cweihan.eth,0x70e7a6621f4cb3c3e073d0539899f49fc88424c0
0x71ecd8ea61bf8187613e741f4a1feece53a89658,2,Optimism,wayoflono.eth,0xecee5497b9dbb82e1804e3224f67d00d8d891c69
0xecee5497b9dbb82e1804e3224f67d00d8d891c69,3,Optimism,eburnside.eth,0x71ecd8ea61bf8187613e741f4a1feece53a89658
0x72da0b8a1b932c8a2cc9dcf8c28642290220aec4,2,Arbitrum,webosz.eth,0x72da0b8a1b932c8a2cc9dcf8c28642290220aec4
0x7452e7d530078dbd6a2ed65007bea00a4d60f138,2,Arbitrum,mscoin.eth,0x7452e7d530078dbd6a2ed65007bea00a4d60f138
0x74df3f79e48220af12c8da4737be2de223836c99,2,Arbitrum,quincredible.eth,0x98ccf605c43a0bf9d6795c3cf3b5fed836330511
0x98ccf605c43a0bf9d6795c3cf3b5fed836330511,2,Arbitrum,anonyme.eth,0x01ab07010c2f4bf5971537669cc19d5d8cf320a0
0x753ac33e53a1c56c68668487e45b09488fd0fb26,1,Arbitrum,stopstalkingmehoney.eth,0x26e2e8a24e867e5e96ea0c4913e659cdc8a97973
0x75d4bdbf6593ed463e9625694272a0ff9a6d346f,1,Arbitrum,0xhamachi.eth,0xfefb7f992b7d8199ef3232ce3799bb6880390c4b
0x75f7a78bf1e7b9fa7afd9d8f197656a8e79598a1,1,Arbitrum,e0x00.eth,0x42450ac3ccd6b102444942014f3b319012ef1a00
0x42450ac3ccd6b102444942014f3b319012ef1a00,1,Arbitrum,,
0x7701832b38c4af966b4b171b3e15cf8208042a4d,1,Arbitrum,alexcore.eth,0x38daea6f17e4308b0da9647db9ca6d84a3a7e195
0x770569f85346b971114e11e4bb5f7ac776673469,1,Arbitrum,wagame.eth,0xd70333d48d72082b211d05340c8e4f9a630b315e
0x779e76758b5538084136132bceb6a672cacdb726,1,Arbitrum,skems.eth,0x0210d724f1ec0780062118b308fe4ace14840257
0x0210d724f1ec0780062118b308fe4ace14840257,1,Arbitrum,,
0x77e1b087378d0a12ba3769d46a983a8ae2e61e69,1,Arbitrum,wishdeck.eth,0x006c0a5aff8a9489235ad7b876e17dda0f216794
0x006c0a5aff8a9489235ad7b876e17dda0f216794,1,Arbitrum,,
0x77ff2dba6addeff3524bb5a29719518f8e6f9548,2,Arbitrum,shizcrey.eth,0x77ff2dba6addeff3524bb5a29719518f8e6f9548
0x78503534a5783650a34e65f5c33e232e2e011d86,1,Arbitrum,scimitar.eth,0x7cb71c594febace6b6ba11126abeb8cc860cb24a
0x7cb71c594febace6b6ba11126abeb8cc860cb24a,1,Arbitrum,,
0x78ebe56bc138069557c89af35eb29023ff31ae2c,1,Arbitrum,egas.eth,0x000f4432a40560bbff1b581a8b7aded8dab80026
0x7ac34681f6aaeb691e150c43ee494177c0e2c183,1,Arbitrum,vfat.eth,0xef0ca09fbf9a5f61e657fb208b46b8685c1d4766
0x7b4b79c7adb4a7fde8bb3b48b3f133448ce4ddd5,1,Arbitrum,polynomialprotocol.eth,0x7914bcfadfe8a1aa985a123d848570f4b0e03326
0x7914bcfadfe8a1aa985a123d848570f4b0e03326,1,Arbitrum,,
0x7bece831cfba324dba85d616ef59a69e07db97c7,2,Arbitrum,alchemilla.eth,0x7bece831cfba324dba85d616ef59a69e07db97c7
0x7d4764849853ea12e75ecf5850569c87ada7a167,1,Arbitrum,alionaalias.eth,0x04c4a90801d1ef5ae8576a0a5bdd8eeab362a644
0x7dd7fd8acd39e557a6c570965eea2b4008c4dd1c,1,Optimism,mmlohse.eth,0x0b4ead9adb79457816d446deb57d7a22f88c644c
0x0b4ead9adb79457816d446deb57d7a22f88c644c,1,Optimism,,
0x7dea224cd408d33fa0064092a103ac7ec7b946aa,1,Arbitrum,0x0x12345.eth,0x00000e40d31e54ee1925695407b0ad4e2f0f5f47
0x00000e40d31e54ee1925695407b0ad4e2f0f5f47,3,Arbitrum,,
0x7ea9b8ba0d889ba42458f657ed27244ad593dfe7,2,Arbitrum,xiaom666.eth,0x7ea9b8ba0d889ba42458f657ed27244ad593dfe7
0x805b350408f28966cb4c9dd497f94b0f845b8a1e,1,Arbitrum,0xluxemburg.eth,0x6662d263a8a24872fd19c4636b82fe0d602c9116
0x6662d263a8a24872fd19c4636b82fe0d602c9116,1,Optimism,,
0x809e82136239a5f26596bd6ce9192207bdffa04c,2,Arbitrum,pugnft.eth,0x809e82136239a5f26596bd6ce9192207bdffa04c
0x8140629badaa17b24544b3b01d4804c011875d1a,1,Arbitrum,bodaciouspirate.eth,0xa2e9ec27b948d85b11f7935728cb68e11d73d8fd
0x8155b89b9eff2ac567cfc4ea4a370dadea748902,1,Arbitrum,bulma.eth,0xd606424168d1f6da0e51f7e27d719208dd75fe47
0xd606424168d1f6da0e51f7e27d719208dd75fe47,1,Arbitrum,,
0x816eb222035912c8e4f3a1c0ca5a882c6fb161ef,1,Arbitrum,fartinaround.eth,0xe223f40958f02d8656f9fd15172b13ba087b7b49
0x81b5ec3be3d9339299e56665d8206d4d28ece898,1,Arbitrum,kennyfuckingpowers.eth,0x2a0059610c92842dc2ef84af76b244c28687e647
0x824fdcde53d1f3ba3fb3074fb3a3eed7f043958c,1,Optimism,groswesh.eth,0xe692256d270946a407f8ba9885d62e883479f0b8
0xe692256d270946a407f8ba9885d62e883479f0b8,1,Optimism,,
0x82645bc15fee680963bfe321500d74a053c682ea,1,Arbitrum,0x88fa.eth,0x88fa708c570b3de1d53f872fbbca81bcdbc31253
0x88fa708c570b3de1d53f872fbbca81bcdbc31253,1,Optimism,,
0x83e12f06cb562c16f83e4d9a74bf96717a50664f,1,Arbitrum,quux.eth,0xe751970824f3bcbf97e611e351c1136776be1ce9
0xe751970824f3bcbf97e611e351c1136776be1ce9,2,Arbitrum,50xshortbus.eth,0xb9d24761ebb3e3a88b8cf20e77f56ccf026a2044
0xb0c4a240581db36e455e29356fcaba6490503b00,2,Arbitrum,amplice.eth,0x84641137bac4db68de94ec3d2ed89ace0aa88f20
0x847eaa8e0a808305b00305da61b875dd2ca3fbac,1,Arbitrum,005412.eth,0x8f3084089bc7fa32d6d3955d360fc6967068892c
0x8f3084089bc7fa32d6d3955d360fc6967068892c,1,Arbitrum,,
0x85026596042cf8cab1b521bcca86c56cf2d2ecae,2,Arbitrum,atilaa.eth,0x85026596042cf8cab1b521bcca86c56cf2d2ecae
0x858e517a8e5c28e7d2fbe081a739f0276e85e69b,1,Arbitrum,0x00eth.eth,0x4d477f1aabcfc2fc3fc9b802e861c013e0123ad9
0x85c5489f74fe5000ff0701535d9ec8ef49dfe704,2,Arbitrum,dk.3anon.eth,0xad16ebe6ffc7d96624a380f394cd64395b0c6144
0xad16ebe6ffc7d96624a380f394cd64395b0c6144,2,Arbitrum,anonkollective.eth,0x85c5489f74fe5000ff0701535d9ec8ef49dfe704
0x86d3ee9ff0983bc33b93cc8983371a500f873446,1,Arbitrum,gregthedev.eth,0xc5a07c29a71db1a8adb7fe8011608074dc64e94f
0x86fff6af1614bc18c72840ff8e6c033dd43bed8a,2,Arbitrum,zhyx.eth,0x86fff6af1614bc18c72840ff8e6c033dd43bed8a
0x87616fa850c87a78f307878f32d808dad8f4d401,2,Arbitrum,vfat.eth,0xef0ca09fbf9a5f61e657fb208b46b8685c1d4766
0x879765ffd7f2fe105ed3aa42b15b5f5ad241f0bd,1,Arbitrum,fartinaround.eth,0xe223f40958f02d8656f9fd15172b13ba087b7b49
0x879d15d6c06404e798cac7ff74e2fedb562ea1b5,1,Arbitrum,commonaccount.eth,0x5aaa92c6a3f18410194bb9593715b06a0e208dd9
0x5aaa92c6a3f18410194bb9593715b06a0e208dd9,2,Arbitrum,,
0x880240d1130ae069e73128fbd47a7e6cb577deed,1,Arbitrum,viperr.eth,0xcf10b967a9e422753812004cd59990f62e360760
0xda9f6e5748c13bf79eaab5bbc515334d16d9b7e2,1,Arbitrum,,
0x899b2d61a5943dd2452cbc9ff5d158c63a2275dd,1,Arbitrum,imthesyb.eth,0x6f040fb3f8816b826acae29b5c27e670964e2607
0x6f040fb3f8816b826acae29b5c27e670964e2607,1,Arbitrum,,
0x8b46c65cea244b045e0c076b3b3e502b3ab62d25,1,Optimism,pentacle.eth,0x51cb8bc948115439c9146cc788556bf2c7408946
0x51cb8bc948115439c9146cc788556bf2c7408946,2,Optimism,,
0x8cbf7a00de4327f173c2a83ff8a6ff63ddadbcf2,1,Arbitrum,humbleohmie.eth,0xb246275ab015cd3a62ad46b992b92e4e2ee10df9
0xb246275ab015cd3a62ad46b992b92e4e2ee10df9,1,Arbitrum,,
0x8ceb9779b4ae9374d13f612b3eb440fdac8fd6c2,1,Arbitrum,0009p.eth,0xf119f37754c80200e6838424af3d4b56a00d669b
0x8e6136ce3572d5c9be30b06b0bc1838f36a16f21,2,Optimism,themilkman.eth,0x8e6136ce3572d5c9be30b06b0bc1838f36a16f21
0x8edb046b1dcaa1222d4779eb814c15f2f358f6b7,2,Arbitrum,justawhile.eth,0x8edb046b1dcaa1222d4779eb814c15f2f358f6b7
0x8fa21a4cf83b5b3a70a2fa95c3f42a4c48092973,1,Arbitrum,alionaalias.eth,0x04c4a90801d1ef5ae8576a0a5bdd8eeab362a644
0x90422e1da3a90b0cd80bf9af5a59afb4e001d892,3,Arbitrum,sleekdao.eth,0x90422e1da3a90b0cd80bf9af5a59afb4e001d892
0x91a0cacb38470b50e3117f114762f605c06a1c08,2,Arbitrum,hartel.eth,0xf9e1d1e9f22c96752356adfd377231528c7e851e
0x91ec428c64c77b410229ad0bd56e473ed7b50560,1,Arbitrum,varyp.eth,0x1058559f1c73c80337fe8a5776b43d777d2a3fd7
0x1058559f1c73c80337fe8a5776b43d777d2a3fd7,1,Arbitrum,,
0x938bf2b8a7e40472d846e50b8ffe763a0fc749d4,2,Arbitrum,menelaos.eth,0x114b94baca61be75af03ff334c4721c62f619a6b
0x947e347e899f74a2c3501297d1886f8bcd3ee3df,1,Arbitrum,0x32a.eth,0x32a59b87352e980dd6ab1baf462696d28e63525d
0x32a59b87352e980dd6ab1baf462696d28e63525d,1,Arbitrum,,
0x951214038a220fbdf9803db3dffeb97b12d12314,1,Arbitrum,10kby2024.eth,0x2749e6b616b5c5165ebadfefd232c254597b476c
0x2749e6b616b5c5165ebadfefd232c254597b476c,1,Arbitrum,,
0x9568f75d7595193808c5c801fea6aeaba2ef1630,1,Arbitrum,interndao.eth,0xd0918e0e4506954de84b99fdea396a848303dc03
0x962de35217e9d4d0d79e8106a3d5ea121fe71685,1,Arbitrum,vfat.eth,0xef0ca09fbf9a5f61e657fb208b46b8685c1d4766
0x96438be35c15c57622af3e05f148f71b903e9baf,1,Arbitrum,28101411.eth,0xfe3f792a0cba494588d1e6c4227fc8c1428b744d
0xfe3f792a0cba494588d1e6c4227fc8c1428b744d,1,Arbitrum,,
0x96a514b17c75999c1989be54d5bf7535e20e7b81,1,Arbitrum,0x0x12345.eth,0x00000e40d31e54ee1925695407b0ad4e2f0f5f47
0x96ae65b7a604e1528c1076edf31825bc30f621cd,1,Arbitrum,chipicao.eth,0x80e76627ad7f2b4d8c37e5d67140cfec4c6933da
0x80e76627ad7f2b4d8c37e5d67140cfec4c6933da,1,Arbitrum,,
0x97130cd06502d16204e9f30c037c1bce80a401d1,1,Arbitrum,phof3.eth,0x3b55efe82993a5768b9c18b1da92b22d6731353b
0x01ab07010c2f4bf5971537669cc19d5d8cf320a0,1,Arbitrum,,
0x995a5f53682d5d65f92589e8fab8eb474a3c9b90,1,Arbitrum,radbull.eth,0x2a4183b48c8738a565685082b9ed64e1ada423b1
0x2a4183b48c8738a565685082b9ed64e1ada423b1,2,Arbitrum,,
0x99663f821ef03e31c495675e7dc114be86e6f6b5,1,Arbitrum,radbull.eth,0x2a4183b48c8738a565685082b9ed64e1ada423b1
0x9a568bfeb8cb19e4bafcb57ee69498d57d9591ca,1,Arbitrum,vfat.eth,0xef0ca09fbf9a5f61e657fb208b46b8685c1d4766
0x9afd2bb60417739f4865f61388e074b24db12b98,1,Arbitrum,0x0x12345.eth,0x00000e40d31e54ee1925695407b0ad4e2f0f5f47
0x9b616ac1d31f17be9b23560d93699ca7732e2808,1,Arbitrum,cweihan.eth,0x70e7a6621f4cb3c3e073d0539899f49fc88424c0
0x9bccd7453550cc6d7bec5f62bdd2b3d9de193e84,2,Arbitrum,cryptobtceth.eth,0x9bccd7453550cc6d7bec5f62bdd2b3d9de193e84
0x9be5eaf21e85e6d7fdc2f24fc53774317053230a,1,Arbitrum,igmarket.eth,0xd77c6bb30cee69c435948709838eb99d60b33bf2
0xd77c6bb30cee69c435948709838eb99d60b33bf2,2,Arbitrum,crocweb.eth,0xb7bd892b95fc2faf5659404d9aca1bfa164f0686
0x9be8e4e9d4a68bbdaa8decae9f728ed50599be7c,2,Optimism,sull.eth,0x9be8e4e9d4a68bbdaa8decae9f728ed50599be7c
0x9d337f7bc48c02da80a616626e18a4740af39284,1,Arbitrum,lqviolette.eth,0x3cebef34aa3760e8050da7498869d994f9ba1b62
0x3cebef34aa3760e8050da7498869d994f9ba1b62,1,Arbitrum,,
0x9d7cd569f1f47c903515bc078279e697542f14b3,2,Arbitrum,erwecz.eth,0x9d7cd569f1f47c903515bc078279e697542f14b3
0x9d8e6a9d4c29f8878d4928123c081d464d0f3f57,1,Arbitrum,vfat.eth,0xef0ca09fbf9a5f61e657fb208b46b8685c1d4766
0x9dc65d1ab703d7fc28e9a5aa50f03e6b7ec047bf,1,Arbitrum,0xjey.eth,0xbe2e8f6292d29c65f9bcd807be387422857b4093
0xbe2e8f6292d29c65f9bcd807be387422857b4093,2,Arbitrum,0x00eth.eth,0x4d477f1aabcfc2fc3fc9b802e861c013e0123ad9
0x9eed555a7b54471a0808cec8d176980323674bc8,1,Arbitrum,0x00eth.eth,0x4d477f1aabcfc2fc3fc9b802e861c013e0123ad9
0x9f558ff9237242fd67b7aa42c162705f6c00db93,2,Arbitrum,hotcores.eth,0x9f558ff9237242fd67b7aa42c162705f6c00db93
0x9fb622b200d7403be7c596164018fc7f39ab1536,1,Arbitrum,hotto.eth,0x2a7051d7cbbef7b6889f8e14774020b1653b94c1
0x9fecf056375a973308bb3d6fb6b1c230cfd21456,1,Arbitrum,vagueseconde.eth,0xe41965229d53c45ecd8bcf45abdff1e9d70c8347
0xe41965229d53c45ecd8bcf45abdff1e9d70c8347,1,Arbitrum,,
0xa0768b454fc4ae5fa7885cfcb379706be6b1633b,1,Arbitrum,chetty.eth,0x15d3ffac9b7d5dbbee095910db6380040222b99f
0x15d3ffac9b7d5dbbee095910db6380040222b99f,2,Arbitrum,,
0xa0c83e1d1d33e03820fbeee0a2a48b6de4830455,2,Arbitrum,maquiavel.eth,0xa0c83e1d1d33e03820fbeee0a2a48b6de4830455
0xa1aacef25542d996bf47cd0cc20b25fb3cb82eea,1,Arbitrum,fartinaround.eth,0xe223f40958f02d8656f9fd15172b13ba087b7b49
0xa22bd9c8b6810ae567d52f6e8e12da68cd809bae,1,Arbitrum,rgen.eth,0x7724d7a55c8a3cea51513b10b2eee8ebe7b1a65a
0x7724d7a55c8a3cea51513b10b2eee8ebe7b1a65a,1,Arbitrum,,
0xa2e7002e0ffc42e4228292d67c13a81fdd191870,1,Arbitrum,0xalphadoc.eth,0x91a0cacb38470b50e3117f114762f605c06a1c08
0xa31c2232842e631ccb2d2e4110b356bab21e6020,2,Arbitrum,therealtuna.eth,0xa31c2232842e631ccb2d2e4110b356bab21e6020
0xa40dbde8356be5929c8ea9d27368c1bd515ec7b0,1,Arbitrum,vfat.eth,0xef0ca09fbf9a5f61e657fb208b46b8685c1d4766
0xa6cc9397d29b631b69782e5f7fb9801224c8fa90,1,Arbitrum,janturk.eth,0x734a96c6819d468a7275c75fa14c4c56492da381
0x734a96c6819d468a7275c75fa14c4c56492da381,1,Arbitrum,,
0xa7d763bc1e788904f2e20b91d3c51e47524ba189,1,Arbitrum,kopremesis.eth,0x9925013484b5e65772094aa61145eb99cec66463
0x9925013484b5e65772094aa61145eb99cec66463,1,Arbitrum,,
0xdaf6f334d49abf1065e6d1dbf5ea04f563d424c2,2,Arbitrum,blazedbison.eth,0xa7d7ac8fe7e8693b5599c69cc7d4f6226677845b
0xa94b40c53432f0576e64873ce1cead1aae62fc90,2,Arbitrum,ilovechaos.eth,0xa94b40c53432f0576e64873ce1cead1aae62fc90
0xaa1c2195f2d7ec7d2683fcec2c54445a16adba93,1,Optimism,nanotype.eth,0x419dad51ca1ea37ac6db47f07b6fe9fb57fb8316
0x419dad51ca1ea37ac6db47f07b6fe9fb57fb8316,1,Optimism,,
0xab02469559a8a4ac1131c99b018f4a9314f12c06,1,Arbitrum,interndao.eth,0xd0918e0e4506954de84b99fdea396a848303dc03
0xab339ae6eab3c3cf4f5885e56f7b49391a01dda6,2,Arbitrum,statelayer.eth,0xc8e0345596d7196941e61d3ab607e57fe61f85e7
0xc8e0345596d7196941e61d3ab607e57fe61f85e7,2,Arbitrum,state.eth,0xab339ae6eab3c3cf4f5885e56f7b49391a01dda6
0xab769309ebceeda984e666ab727b36211ba02a8a,2,Arbitrum,tireni.eth,0xab769309ebceeda984e666ab727b36211ba02a8a
0xad23478e425de2c32764505d24619a7a38a4ae22,1,Arbitrum,pedrox.eth,0x5833869fdeb4d371b854d7474f5f84b43320fd05
0xaeead003ac29326a98a09fa5903a23396dd7dfc8,1,Arbitrum,fartinaround.eth,0xe223f40958f02d8656f9fd15172b13ba087b7b49
0xaf0f0b5c4110df25ab46dd9f025084229a9f8352,1,Arbitrum,pedrox.eth,0x5833869fdeb4d371b854d7474f5f84b43320fd05
0xaf1bff74708098db603e48aaebec1bbae03dcf11,1,Arbitrum,poopfauc.eth,0x9144d3dd30e5b951d480e0977aa9da231bfe92e2
0x9144d3dd30e5b951d480e0977aa9da231bfe92e2,1,Arbitrum,,
0xb109e15bb4f808e8cb64aad7d1e4588e0a1f4608,1,Arbitrum,pedrox.eth,0x5833869fdeb4d371b854d7474f5f84b43320fd05
0xb10c772ba9c1c30b9c8dd34574ebeaa848b10c77,1,Arbitrum,steven7.eth,0x04a0f10c0dcfa5a4c060e5421f385c2a0e541a94
0xb1328907b14700379905d6d733fb0b31e46f3d62,1,Optimism,asmod.eth,0x1ec3c1f70e1d6bbdc84092ae86eaade495fddb9b
0x1ec3c1f70e1d6bbdc84092ae86eaade495fddb9b,2,Optimism,,
0xb158572fc732ab7f4b3616871840726abc6a8015,1,Arbitrum,0xtomtom.eth,0x7dc86fab58672f39435f5249f6751b937244d663
0x7dc86fab58672f39435f5249f6751b937244d663,1,Arbitrum,,
0xb19edfb5ee9896637227cb61a4eaeadb2cba49d1,1,Optimism,0xgabor.eth,0xca768c37ba6ec3d67be7b47bbe1f1c94ca216f46
0xca768c37ba6ec3d67be7b47bbe1f1c94ca216f46,2,Optimism,torgin.eth,0xc8f88b4aef57ac93fe41390194c3a4d77d7df744
0xb3313b023e68cda95d7b625200e1b0fe6335a0c2,2,Arbitrum,rsrosabio.eth,0xb3313b023e68cda95d7b625200e1b0fe6335a0c2
0xb3abc96cb9a61576c03c955d75b703a890a14aa0,1,Arbitrum,bbc420.eth,0xbbc43cf94ad648d6e5c547485f67d0cbb8ad7420
0xb3cf3a3f632ab8a37ed2d628a1fc6f4a43f1c677,1,Arbitrum,grayem.eth,0xb71ee723b21ce00804745067a762f3e08f4ee41b
0xb42573ddb86b68429c8f791ed0f2b79d2ca95588,2,Arbitrum,1hary1.eth,0xba671412b66993815826399549d18f2c357e336d
0xba671412b66993815826399549d18f2c357e336d,1,Arbitrum,,
0xb585b60de71e48032e8c19b90896984afc6a660d,2,Arbitrum,sseb.eth,0xb585b60de71e48032e8c19b90896984afc6a660d
0xb5fef8e426269bc80f8acae2906dea8d5f329cdd,1,Arbitrum,haines.eth,0xcffe08bdf20918007f8ab268c32f8756494fc8d8
0xcffe08bdf20918007f8ab268c32f8756494fc8d8,2,Arbitrum,nohussle.eth,0xb42573ddb86b68429c8f791ed0f2b79d2ca95588
0xb67ca19df4d2f7e31ebf4dc0ff66fce80280914c,1,Arbitrum,player100.eth,0x1e732afaa2e1f58a56347e82af42fbedaefeb093
0x1e732afaa2e1f58a56347e82af42fbedaefeb093,1,Arbitrum,,
0xb6da9e22bfb5c4d5fef69b936817e9a44866b1d1,1,Arbitrum,interndao.eth,0xd0918e0e4506954de84b99fdea396a848303dc03
0xb72ca7ee0aa8ad85a4ffd2873baca90bbf85c1c4,1,Arbitrum,interndao.eth,0xd0918e0e4506954de84b99fdea396a848303dc03
0xb7a31346433430d92846f0181c55fc506b9b22d8,1,Arbitrum,pentacle.eth,0x51cb8bc948115439c9146cc788556bf2c7408946
0xb90e06d0e812d9ac7aeab8706c2eb45030b66ccf,2,Optimism,litepiglet.eth,0xe1690f5153ad0bbc683964aa81645c49b3cf6567
0xe1690f5153ad0bbc683964aa81645c49b3cf6567,2,Optimism,singletary.eth,0xb90e06d0e812d9ac7aeab8706c2eb45030b66ccf
0xb98b88a09998b596648f41a4a27d0237eda58ba6,1,Arbitrum,axiein.eth,0x0a8f4e308b17f836eab6493f42e48ac07d30946d
0x0a8f4e308b17f836eab6493f42e48ac07d30946d,1,Arbitrum,,
0xb98c9ced420a137d3def9c62d99dde55d4d8879f,1,Arbitrum,jouby.eth,0x795fe6f884eb7599abfa814aea3cb8d0b3cc47c2
0x795fe6f884eb7599abfa814aea3cb8d0b3cc47c2,1,Arbitrum,,
0xb9be40bdec31ec3935830acc8bcaad1a431f8bb0,1,Arbitrum,ineedarefill.eth,0xea9bde7a71c015ec8ebb604c66f3f2d8e626348f
0xea9bde7a71c015ec8ebb604c66f3f2d8e626348f,2,Arbitrum,,
0xb9cdf9c22f204118af35d3293fe57a356dd9c8c8,1,Arbitrum,mdrlucky.eth,0xf2a336c14a777c51575b34af30e6640af4096cb5
0xf2a336c14a777c51575b34af30e6640af4096cb5,1,Arbitrum,,
0xba12110198f2127eb1c724ccf7f38af4468b7c1e,1,Arbitrum,shoaib1127.eth,0x3dc37ece09e1338d4fe5aa1f42b192a16b62f185
0x3dc37ece09e1338d4fe5aa1f42b192a16b62f185,1,Arbitrum,,
0xba15e4b3de40a30ab1f8475073b2912c65fc0c46,1,Arbitrum,taidi.eth,0x69ce349de7af51c003b481fb26132fd85162ab50
0x69ce349de7af51c003b481fb26132fd85162ab50,1,Arbitrum,,
0xbaa32387bd55553ec806622d524b12bbb8242a19,2,Arbitrum,barbarianeagle.eth,0xbaa32387bd55553ec806622d524b12bbb8242a19
0xbe0284a4a260df4c58eec491d41995ceee3fac58,1,Optimism,fartrocket.eth,0xdfb7c410be17f38ecb970efa438db308ca281e23
0xdfb7c410be17f38ecb970efa438db308ca281e23,1,Optimism,,
0xbea0ead2e37aa29358595f5ae6a81ccbcdedee4f,1,Arbitrum,joshglobal.eth,0x1b366f42d0478aff04c77105b4e994fa574dadca
0x1b366f42d0478aff04c77105b4e994fa574dadca,1,Arbitrum,,
0xbecdde6958226c25a5a0e5d35c40455e7d49ffd6,1,Arbitrum,fartinaround.eth,0xe223f40958f02d8656f9fd15172b13ba087b7b49
0xbf72f9cc84fe3b42472897bc9ab32ed48453dddd,2,Optimism,okjose.eth,0xd30f2888e7928b52ea5bf4cb1d323e0531afe272
0xd30f2888e7928b52ea5bf4cb1d323e0531afe272,2,Optimism,markedconfidential.eth,0xbf72f9cc84fe3b42472897bc9ab32ed48453dddd
0xc1f3ebe56fe3a32adac585e7379882cf0e5a6d87,1,Arbitrum,sheeki.eth,0xb273c323899427485a2fa289f583f46c07aca2ec
0xb273c323899427485a2fa289f583f46c07aca2ec,1,Arbitrum,,
0xc67c11d0bed08193dfb5021cf3db74c86fed5f55,1,Arbitrum,citta.eth,0xfd282d9f4d06c4bdc6a41af1ae920a0ad70d18a3
0xfd282d9f4d06c4bdc6a41af1ae920a0ad70d18a3,1,Arbitrum,,
0xc72d57b880a988d120141f09328f7daef527a8b0,2,Arbitrum,mr8559.eth,0xc72d57b880a988d120141f09328f7daef527a8b0
0xc7433d4ff9be3a82edd4a73688588971f64f463e,1,Optimism,mojalil.eth,0xa696e3441e5e31d93727bdfaac58ac801f251b32
0xa696e3441e5e31d93727bdfaac58ac801f251b32,1,Optimism,,
0xc7cffb264c3793c40e77b1575bb55004c78588a8,1,Arbitrum,phof3.eth,0x3b55efe82993a5768b9c18b1da92b22d6731353b
0xc7d2fde79bdae639115607a5bddd1596058e9c29,1,Arbitrum,0x0000000000000000000000000000000000000003.eth,0x164f9ecfc5ec74fac1ba1ca28e71fd57feadcd27
0x164f9ecfc5ec74fac1ba1ca28e71fd57feadcd27,1,Arbitrum,,
0xc8658f4158bd82404fc1c94e203798a9313d2d1f,1,Arbitrum,commonaccount.eth,0x5aaa92c6a3f18410194bb9593715b06a0e208dd9
0xc887c8b79bca3f9b6daecddfb68e75e55d4e43a2,1,Arbitrum,executivemember.eth,0x6fc2c3fc2bd214085f1b7f4b2fdfd89889c70b08
0x6fc2c3fc2bd214085f1b7f4b2fdfd89889c70b08,1,Arbitrum,,
0xc8c6bed3c421d3b5ddd0627c7d3ad1f95eab2d67,1,Optimism,marie-elise.eth,0x821e97599a1637d768574b579ad7549fad503cd5
0x821e97599a1637d768574b579ad7549fad503cd5,1,Optimism,,
0xc8d6f9665d18163c2b5b4f9c4158f56b96c50f87,1,Arbitrum,steven7.eth,0x04a0f10c0dcfa5a4c060e5421f385c2a0e541a94
0xc8f88b4aef57ac93fe41390194c3a4d77d7df744,1,Optimism,,
0xcb15649d7b7a1eb01fb1acd14809de6cf82aa1a0,1,Optimism,wagame.eth,0xd70333d48d72082b211d05340c8e4f9a630b315e
0xcb53a818042db647cb01672751b0e4efca29cf55,1,Arbitrum,cryptojing.eth,0x5d9c5c3192dbcc66c84908cb1677cee5ab2a1086
0x5d9c5c3192dbcc66c84908cb1677cee5ab2a1086,1,Arbitrum,,
0xcc05590ba009b10cb30a7b7e87e2f517ea2f4301,1,Arbitrum,fartinaround.eth,0xe223f40958f02d8656f9fd15172b13ba087b7b49
0xcc3e0238ab75ce515e7be86112c0f2386a672796,1,Arbitrum,vfat.eth,0xef0ca09fbf9a5f61e657fb208b46b8685c1d4766
0xcc6543a434ff462435175b850545519b146f62d0,1,Arbitrum,maryx.eth,0x48b211039586619b04cfb3b040cdd12165e3a9cf
0x48b211039586619b04cfb3b040cdd12165e3a9cf,1,Arbitrum,,
0xcdb13929674d13e1794beabfbe3e64cc93d10005,1,Arbitrum,puji.eth,0x3c2d6d7144241f1f1203c29c124585e55b58975e
0xcfa69328a74c0eac388b889c21eb3ddd9d41a025,1,Arbitrum,mozon.eth,0x0b41fb0a71c9473a7e08a90078b4e981b3e41d5a
0x0b41fb0a71c9473a7e08a90078b4e981b3e41d5a,1,Arbitrum,,
0xd02ae906edc339872b8300020fc4411c4f4036e1,2,Optimism,nier.eth,0xee267c7feaa2f78b59e4ec568fad76bccf375c36
0xee267c7feaa2f78b59e4ec568fad76bccf375c36,2,Optimism,andykaufman.eth,0xd02ae906edc339872b8300020fc4411c4f4036e1
0xd28740ac78aa7e77db55b26be722c71849d6957f,2,Arbitrum,ethhhhhh6.eth,0xd28740ac78aa7e77db55b26be722c71849d6957f
0xd319f112bf73eae5e3cf06bf8d4076cc5f8b1cd5,1,Arbitrum,mxjxn.eth,0x6da0a1784de1abdde1734ba37eca3d560bf044c0
0xd442deb96b90e3b3135653705c3ef1feefb346be,1,Arbitrum,afe2b.eth,0xafe2b51592b89095a4cfb18da2b5914b528f4c01
0xafe2b51592b89095a4cfb18da2b5914b528f4c01,1,Arbitrum,,
0xd56ee5ba5a52e15f309108bdd6247c69b4f624c2,1,Arbitrum,vfat.eth,0xef0ca09fbf9a5f61e657fb208b46b8685c1d4766
0xd66dcff7d207dd5c5d7323d99cc57d00fa92d4ea,1,Arbitrum,interndao.eth,0xd0918e0e4506954de84b99fdea396a848303dc03
0xd6d30f186e802c1558b8137bd730f7f4aec17ae7,1,Optimism,motypes.eth,0x2675a89c7afc000c9b6ae838660553ff5f586356
0x2675a89c7afc000c9b6ae838660553ff5f586356,1,Optimism,,
0xb7bd892b95fc2faf5659404d9aca1bfa164f0686,1,Optimism,,
0xd8cb76fac61fde4cf75034af102cfb746fe9bc69,1,Optimism,pedrox.eth,0x5833869fdeb4d371b854d7474f5f84b43320fd05
0xd8dea87ddcc0c3c1464ded6102e4d3e829d0ae41,2,Arbitrum,osushi.eth,0xd8dea87ddcc0c3c1464ded6102e4d3e829d0ae41
0xd99687ba7bd3d8a96ad3d4a7a9f15493750c5bdb,1,Optimism,bergy.eth,0xed6b3dc95e6e41156cde61a206668935d7e958a4
0xd9d836ebc67abeec65b29e586f89816dab991f69,1,Arbitrum,ertyui.eth,0xb1d7b83a61a7e8533d9c60a1e4f00dbf5efa8116
0xb1d7b83a61a7e8533d9c60a1e4f00dbf5efa8116,1,Arbitrum,,
0xdae6ca75bb2afd213e5887513d8b1789122eaaea,1,Arbitrum,harveybirdman.eth,0x9260ae742f44b7a2e9472f5c299aa0432b3502fa
0x9260ae742f44b7a2e9472f5c299aa0432b3502fa,1,Arbitrum,,
0xdc3c1a9ab3fedc0c94bb9a85208ebaff4f9b5aed,1,Arbitrum,bankofgack.eth,0x374d5221a4367fe746cc6c92d333c6ce15386fcd
0x374d5221a4367fe746cc6c92d333c6ce15386fcd,1,Arbitrum,,
0xde2a649a23afc45a55a4d68b7cfdd683279b62f6,2,Arbitrum,wilson420.eth,0xde2a649a23afc45a55a4d68b7cfdd683279b62f6
0xe02a25580b96be0b9986181fd0b4cf2b9fd75ec2,1,Arbitrum,fartinaround.eth,0xe223f40958f02d8656f9fd15172b13ba087b7b49
0xe08d4f39b64597491bf3cdddc2dd7bd72e04847b,1,Arbitrum,flipdrago.eth,0x575740f581038f792425670fa6bfebcc8e4dcdff
0xe11aa477f5628c2cc053c4d8c9b2852d16aba739,1,Arbitrum,0xreorg.eth,0x766a6923a62d062fa6da59f91d9b669a85bc7b15
0xe126d84a1c2018b5f5ff821c1539eb8c53f27bf2,1,Arbitrum,degendan.eth,0x41be5d48bc70dafc2885731d62175460498b3d34
0x41be5d48bc70dafc2885731d62175460498b3d34,1,Arbitrum,,
0xe2cf670ffb5a6ed270d600fe66ee36e4cb4f56f7,1,Arbitrum,xyproject.eth,0x772f61bb54dbd1c9cde9f8ba11b02268235a2c25
0x772f61bb54dbd1c9cde9f8ba11b02268235a2c25,1,Arbitrum,,
0xe32339ea896fdfb5a12ad41c97843d1b3e33d5f1,1,Arbitrum,interndao.eth,0xd0918e0e4506954de84b99fdea396a848303dc03
0xe327ad1aa718ae837be5b9bddebdcb321c7609fd,1,Arbitrum,ineedarefill.eth,0xea9bde7a71c015ec8ebb604c66f3f2d8e626348f
0xe36bd8c15a83b89e2e49806d7312846069755c63,1,Optimism,austinn.eth,0x8d1a194fb61df8306eff8039c9eceb2bfb7bff73
0x8d1a194fb61df8306eff8039c9eceb2bfb7bff73,1,Optimism,,
0xe3e202b2cac2b3ec41219c69fe0d2352b19cef69,1,Optimism,isidoros.eth,0x938bf2b8a7e40472d846e50b8ffe763a0fc749d4
0xe619d906188cff594d3396c1f82f66ef00dea82c,1,Arbitrum,foxyroxy.eth,0xe619bb6847cade30f76faee3e4be4a94c8af165d
0xe619bb6847cade30f76faee3e4be4a94c8af165d,1,Arbitrum,,
0xe64d330cc8654520815aa3ce90613d89b855e3a0,1,Arbitrum,radif.eth,0x7565deddcb83a14b185eb9520914bb918cdfe983
0x7565deddcb83a14b185eb9520914bb918cdfe983,1,Arbitrum,,
0xe6c55b0af75151960005eabae3fe19528c1b131b,1,Optimism,alder.eth,0x6bcb45af1ecf290ae8c74d86b72cdfd3321ced2e
0x6bcb45af1ecf290ae8c74d86b72cdfd3321ced2e,1,Arbitrum,,
0xe7304ba0f157f2ade94015934284b6704bc72911,1,Optimism,digitaldill.eth,0x0709b103d46d71458a71e5d81230dd688809a53d
0x0709b103d46d71458a71e5d81230dd688809a53d,1,Arbitrum,,
0xe73052aa21b655c70f4aaa1f947f793c4bf7a95d,1,Arbitrum,0xmoei.eth,0x63a370abfc8ed6132025f6dc8244ddf6205c174b
0xb9d24761ebb3e3a88b8cf20e77f56ccf026a2044,1,Arbitrum,,
0xebdb626c95a25f4e304336b1adcad0521a1bdca1,2,Arbitrum,defiprime.eth,0xebdb626c95a25f4e304336b1adcad0521a1bdca1
0xed02dac9726f15498559c05ce56470ab4d18eaef,1,Arbitrum,mystri.eth,0x3e2326be7c0c9d49378e21ce803bce4bbfa95d89
0x3e2326be7c0c9d49378e21ce803bce4bbfa95d89,1,Arbitrum,,
0xedf7b675a2fe3c27efb263fb4c204a3f0fb17d46,1,Arbitrum,asmod.eth,0x1ec3c1f70e1d6bbdc84092ae86eaade495fddb9b
0xee1e438e4d9e06958a8b86a7b2c969e9b7e5e982,1,Optimism,degenschoolyard.eth,0x0cf3c92ccd423ab2de718963bed5f70228a958b0
0x0cf3c92ccd423ab2de718963bed5f70228a958b0,1,Arbitrum,,
0xee5fd8173cbad40af7167edbeb27780b6f1fdef5,1,Optimism,proofofstitch.eth,0xca6f3defbc6041299837725f6430f33b0f24e5c0
0xca6f3defbc6041299837725f6430f33b0f24e5c0,1,Optimism,,
0xef08065a06287747ebf95909c1bd432607d87033,1,Optimism,largeshoes.eth,0x8b9f8a8a7c383f2d861cf05f35c28359cfbc97c3
0x8b9f8a8a7c383f2d861cf05f35c28359cfbc97c3,1,Optimism,,
0xefd4fb981cce36f8c526cf6fe36a49809ea4d2ed,1,Arbitrum,fartinaround.eth,0xe223f40958f02d8656f9fd15172b13ba087b7b49
0xf1cc11ce17f7b593440e437f75f73cdd76827226,1,Arbitrum,elpopo.eth,0x0cdff14583404b02f4a490f45fcafd56a0247b0f
0xf1fe1aa451e05e19e6d1ee54b6ff56634c2cbe87,2,Arbitrum,660305.eth,0xf1fe1aa451e05e19e6d1ee54b6ff56634c2cbe87
0xf283ede9aee038f226a620ca04b43131c60cace2,1,Arbitrum,ericalover69.eth,0xfdda7e2d2f51beda6b07b425bd61ed3c1f465030
0xfdda7e2d2f51beda6b07b425bd61ed3c1f465030,1,Arbitrum,,
0xf53c6b61b39efb0244d5dc5a1a256768d9e6216a,1,Arbitrum,chetty.eth,0x15d3ffac9b7d5dbbee095910db6380040222b99f
0xf55862d517cf542da9fbf15eff8f37c146af2a9f,2,Arbitrum,.eth,0xf55862d517cf542da9fbf15eff8f37c146af2a9f
0xf599d8e20b706b6122184c5d0b47c29db9c8b78b,1,Arbitrum,sarcasticplastic.eth,0x50f26cca22c11b5334feccc1afb0609446a94396
0x50f26cca22c11b5334feccc1afb0609446a94396,1,Arbitrum,,
0xf7b10d603907658f690da534e9b7dbc4dab3e2d6,1,Arbitrum,seah.eth,0x57ef2b98306d2c98f2fcebbdd05090c75982af72
0x57ef2b98306d2c98f2fcebbdd05090c75982af72,1,Arbitrum,,
0xfa93c9a95727268b88ff77b5396ed3b8b59a1ba1,1,Arbitrum,ultrasoundclone.eth,0xb10be5cbbf9655ed3648184ade56d3b4d6cedd4f
0xb10be5cbbf9655ed3648184ade56d3b4d6cedd4f,1,Arbitrum,,
0xfaa015a81e8c9e28b03d4f7f22e4b8f989a5ec80,1,Arbitrum,fartinaround.eth,0xe223f40958f02d8656f9fd15172b13ba087b7b49
0xfba674dbbbfafed6da9895051e5204de824325b9,1,Arbitrum,ilnur.eth,0xcd7f6b72049c3b54416f9f26392cb271e74ca3fd
0xcd7f6b72049c3b54416f9f26392cb271e74ca3fd,1,Arbitrum,,
0xfc0b21ce3ffdb8fc73554ba3054e881cfa65aa7e,1,Arbitrum,lono.eth,0xecee5497b9dbb82e1804e3224f67d00d8d891c69
0xfc346690666b1f3e0b8fa729f94cce64969ed074,2,Arbitrum,alkan.eth,0xfc346690666b1f3e0b8fa729f94cce64969ed074
0xfd2204757ab46355e60251386f823960acccefe7,2,Arbitrum,pedrolucio.eth,0xfd2204757ab46355e60251386f823960acccefe7
0xfec2de8d9e77214cd219cd03c0e722d82b4de541,1,Arbitrum,joramblings.eth,0xa31545e5f7d4ec0fabf76005064b0577fa0680a3
0xa31545e5f7d4ec0fabf76005064b0577fa0680a3,1,Arbitrum,,
0xfec85f09d047ae4063c86ef62e0102150d5eff53,1,Optimism,chaoticsoul.eth,0x32e9507cb51d884b71bf6e99fc878cef30ef72e7
0x32e9507cb51d884b71bf6e99fc878cef30ef72e7,1,Optimism,,
0xff794ff176dde7640064983d8f2b942b12a4ab7d,1,Arbitrum,unlikeany.eth,0x90422e1da3a90b0cd80bf9af5a59afb4e001d892