address,basePool0,basePool1,yfi,backstop,ghouls,rope,stakedRopeAmount,unisock,pooliJudge,pooliLawyer,pooliSupporter,defiShare,defiAmount,nftShare,nftAmount,poolyShare,poolyAmount,totalAmount,share,chain
0x00003183f59e825911d98fb509a157cd2abbae25,,,FALSE,,257,0,0,0,0,0,0,0,0,257,148981.8,0,0,148981.8,257,Arbitrum
0x000149026f7deb08734a6c7e66c026c445acac98,,,FALSE,,1,0,0,0,0,0,0,0,0,1,579.6956,0,0,579.6956,1,Arbitrum
0x000f4432a40560bbff1b581a8b7aded8dab80026,,,FALSE,,0,0,0,0,0,0,1,0,0,0,0,1,552.571,552.571,1,Arbitrum
0x0014ea9bbe130c8af7f00c8e61fc07368bdaaf7d,,,FALSE,,0,0,0,0,0,0,1,0,0,0,0,1,552.571,552.571,1,Arbitrum
0x003f35595dce3187b4fff2b5a2c4303f7158208a,,,FALSE,,2,0,0,0,0,0,0,0,0,2,1159.391,0,0,1159.391,2,Arbitrum
0x007de65790572b29bdd40bfbe4accc446f939088,,,FALSE,,0,0,0,0,0,1,0,0,0,0,0,10,5525.71,5525.71,10,Optimism
0x00c67d9d6d3d13b42a87424e145826c467cccd84,,,TRUE,,1,3,67,0,0,0,0,2,1357.21,18.5,10724.37,0,0,12081.58,20.5,Arbitrum
0x00f1403069dc9459e897b74cd3eda1b6236445f6,,,FALSE,,3,0,0,0,0,0,0,0,0,3,1739.087,0,0,1739.087,3,Arbitrum
0x00f91504046cb47d24b7ac9ee6ae8f407bdca65f,,,FALSE,,1,0,0,0,0,0,0,0,0,1,579.6956,0,0,579.6956,1,Arbitrum
0x00ff72c361f6181f32e702b0473818f683978998,,,FALSE,,1,0,0,0,0,0,0,0,0,1,579.6956,0,0,579.6956,1,Arbitrum
0x012f3976c93260f7e4ce1289638278a870b6678d,,,TRUE,,0,51,0,0,0,0,0,1,678.6051,12.75,7391.118,0,0,8069.723,13.75,Arbitrum
0x015555fe4bb264525a601e3952546795ef1a40c1,,,FALSE,,1,0,0,0,0,0,0,0,0,1,579.6956,0,0,579.6956,1,Arbitrum
0x015edbdd1dede3e011a694ecf48ca933661e0213,,,FALSE,,0,3,0,0,0,0,0,0,0,0.75,434.7717,0,0,434.7717,0.75,Arbitrum
0x019ed608dd806b80193942f2a960e7ac8abb2ee3,,,FALSE,,0,0,0,2,0,1,0,0,0,2,1159.391,10,5525.71,6685.101,12,Arbitrum
0x01ab07010c2f4bf5971537669cc19d5d8cf320a0,Staked,Staked,FALSE,,0,0,0,0,0,0,0,2,1357.21,0,0,0,0,1357.21,2,Arbitrum
0x0299455b03be0b51d8747aa4f9fee4cfd9008dc2,,,FALSE,,0,0,0,0,0,0,1,0,0,0,0,1,552.571,552.571,1,Arbitrum
0x02be99141f66c065e165caf2dbf6a987c8d107a5,,,FALSE,,0,0,0,0,0,0,1,0,0,0,0,1,552.571,552.571,1,Arbitrum
0x02e05dbbf4df5d17cb3a0140f9643fe68cc4ae39,,,FALSE,,0,0,0,0,0,0,0,2,1357.21,0,0,0,0,1357.21,2,Optimism
0x036bbf4aa5783adbec43cac69535da6923d0721e,,,FALSE,,1,0,0,0,0,0,0,0,0,1,579.6956,0,0,579.6956,1,Arbitrum
0x037dfd569defbc08ae28001159b4c49f6d006cff,,,FALSE,,2,0,0,0,0,0,0,0,0,2,1159.391,0,0,1159.391,2,Arbitrum
0x038162fbcf25a0ca31047c7940d5a97a2380df42,,,FALSE,,1,0,0,0,0,0,0,0,0,1,579.6956,0,0,579.6956,1,Arbitrum
0x047c4d7af709ae19d3bbbd5f9e10461d2554da00,,,FALSE,,5,0,0,0,0,0,0,0,0,5,2898.478,0,0,2898.478,5,Arbitrum
0x049808d5eaa90a2665b9703d2246dded34f1eb73,,,FALSE,,1,0,0,0,0,0,0,0,0,1,579.6956,0,0,579.6956,1,Arbitrum
0x04a0f10c0dcfa5a4c060e5421f385c2a0e541a94,,,FALSE,,1,0,0,0,0,0,0,0,0,1,579.6956,0,0,579.6956,1,Arbitrum
0x056590f16d5b314a132bbcfb1283fec5d5c6e670,,,TRUE,,2,0,0,0,0,0,0,1,678.6051,2,1159.391,0,0,1837.996,3,Arbitrum
0x059fe4871f4f4fd2bc929d2c4a1e3530c345b47f,,,FALSE,,1,0,0,0,0,0,0,0,0,1,579.6956,0,0,579.6956,1,Arbitrum
0x066b00f790347e3b3f1fb685f56e4db33d1ba21c,,,FALSE,,3,0,0,0,0,0,0,0,0,3,1739.087,0,0,1739.087,3,Arbitrum
0x067214ba2099775d25d82a3b814dc35ce0ceef72,,,FALSE,,1,0,0,0,0,0,1,0,0,1,579.6956,1,552.571,1132.267,2,Arbitrum
0x0707fd320c96b54182475b22a9d47b4045e74668,,,FALSE,,0,0,0,0,0,0,0,1,678.6051,0,0,0,0,678.6051,1,Arbitrum
0x073aba73177668ba1c6661a4ccddbf77dfc8809a,,,FALSE,,0,0,0,0,0,0,1,0,0,0,0,1,552.571,552.571,1,Optimism
0x07930c93dcd3425b9ebd67765e28a0bbdb0d5893,,,TRUE,,0,0,0,0,0,0,1,1,678.6051,0,0,1,552.571,1231.176,2,Arbitrum
0x084bd02d4dfb5af7f9d487a60682378b057d36bb,,,FALSE,,3,0,0,0,0,0,1,0,0,3,1739.087,1,552.571,2291.658,4,Optimism
0x0941500854d6bf57f2256c01a6b485a4737c4f48,,,FALSE,,0,0,0,0,0,0,1,0,0,0,0,1,552.571,552.571,1,Arbitrum
0x09a87eb0a7724387bfbff9728c146c8b184d609d,,,FALSE,,7,0,0,0,0,0,0,0,0,7,4057.869,0,0,4057.869,7,Arbitrum
0x0a251df99a88a20a93876205fb7f5faf2e85a481,,,TRUE,,0,0,0,0,0,0,1,1,678.6051,0,0,1,552.571,1231.176,2,Arbitrum
0x0a47ae31ec6d12af1e7c709bf92115f4e19a649f,,,FALSE,,0,0,0,0,0,0,1,0,0,0,0,1,552.571,552.571,1,Arbitrum
0x0a649824e82d8c689b0f254d207056e1a6b3d8c9,,,FALSE,,0,0,0,0,0,0,1,0,0,0,0,1,552.571,552.571,1,Arbitrum
0x0ab754916b6f450f9ca0a31d9366ea0a7b44aeba,Staked,Staked,FALSE,,0,5,56,0,0,0,0,2,1357.21,15.25,8840.357,0,0,10197.57,17.25,Arbitrum
0x0ad59c344359fdf8472e7ffbf4eb6af4751138da,Staked,,TRUE,,0,0,0,0,0,0,0,2,1357.21,0,0,0,0,1357.21,2,Arbitrum
0x0c6500f0fe389855ad7efc2faf68b4b25d2bc342,,,FALSE,,6,0,0,0,0,0,0,0,0,6,3478.173,0,0,3478.173,6,Arbitrum
0x0d801699678375e43d14f67453e24f17ebbaef8a,,,FALSE,,0,0,0,0,0,0,1,0,0,0,0,1,552.571,552.571,1,Optimism
0x0ded5e6b94c67b229e1fb735ef598e5c7f8803d1,,,FALSE,,0,0,0,0,0,0,1,0,0,0,0,1,552.571,552.571,1,Arbitrum
0x0e1b5ab67af1c99f8c7ebc71f41f75d4d6211e53,,,FALSE,,0,0,0,0,0,0,1,0,0,0,0,1,552.571,552.571,1,Arbitrum
0x0e93982dc0e777261f9a4d7430f7c4f9032c498b,,,FALSE,,0,0,0,0,0,0,1,0,0,0,0,1,552.571,552.571,1,Arbitrum
0x0f1025f754b3eb32ab3105127b563084bfa03a6f,,,FALSE,,2,15,63,0,0,0,0,2,1357.21,21.5,12463.45,0,0,13820.66,23.5,Arbitrum
0x0ff104944594bbd7aa2953a5bea1dac1c7f330a0,,,FALSE,,8,0,0,0,0,0,0,0,0,8,4637.564,0,0,4637.564,8,Arbitrum
0x0ffd1dc2e313a3f10ac9e1b0916bb3752f400091,,,FALSE,,4,0,0,0,0,0,0,0,0,4,2318.782,0,0,2318.782,4,Arbitrum
0x10ad752202fd4c7bbe3107fedba7a225bac85578,,,TRUE,,0,0,0,0,0,0,0,2,1357.21,0,0,0,0,1357.21,2,Arbitrum
0x10d7a263a89e661f780e0eff8cbe59ded312e850,,,FALSE,,0,1,12,0,0,0,0,0,0,3.25,1884.011,0,0,1884.011,3.25,Arbitrum
0x11111b82a7060ad4536afb8d93556b688e21da17,,,FALSE,,0,0,0,0,0,0,1,0,0,0,0,1,552.571,552.571,1,Arbitrum
0x112be8010ac3ae3aac99490002555297438ac394,,,FALSE,,1,0,0,0,0,0,0,1,678.6051,1,579.6956,0,0,1258.301,2,Arbitrum
0x11414661e194b8b0d7248e789c1d41332904f2ba,,,FALSE,,1,0,0,0,0,0,0,0,0,1,579.6956,0,0,579.6956,1,Arbitrum
0x1146a21769f81c9f2de05eae4dd117241b17d3c5,,,FALSE,,1,0,0,0,0,0,0,0,0,1,579.6956,0,0,579.6956,1,Arbitrum
0x1160387a36953afc5d80c0ea7b6b5447774af8e5,,,FALSE,,1,0,0,0,0,0,0,0,0,1,579.6956,0,0,579.6956,1,Arbitrum
0x11b6a5fe2906f3354145613db0d99ceb51f604c9,,,FALSE,,0,0,0,0,0,0,1,0,0,0,0,1,552.571,552.571,1,Optimism
0x12a101b3c28b0d4e611061980c8645c459663bf8,,,FALSE,,2,0,0,0,0,0,0,0,0,2,1159.391,0,0,1159.391,2,Arbitrum
0x1314e24a226a41ac6b707b50c6ec0529b71d56e8,,,TRUE,,0,0,0,0,0,0,0,3,2035.815,0,0,0,0,2035.815,3,Arbitrum
0x1341df844780b66af4ccc98ae0f34be87eabe1d5,,,FALSE,,0,0,0,0,0,0,1,0,0,0,0,1,552.571,552.571,1,Arbitrum
0x134c6e76edf4bfb728454916040b84df8c792206,,,FALSE,,1,0,0,0,0,0,0,0,0,1,579.6956,0,0,579.6956,1,Arbitrum
0x14b889b25e70f60d8dc0aa5f10c83680add61351,,,TRUE,,0,0,25,0,0,0,1,1,678.6051,6.25,3623.097,1,552.571,4854.273,8.25,Arbitrum
0x14e56cf9e6257475f9b6310adc98865fc24d6504,Staked,,TRUE,,1,0,0,0,0,0,0,2,1357.21,1,579.6956,0,0,1936.906,3,Arbitrum
0x1540f6fa70c04e5a5dac6a134d9dd03abd301b1a,,,TRUE,,0,0,0,0,0,0,0,2,1357.21,0,0,0,0,1357.21,2,Arbitrum
0x15b65141ad94d63ebd9d5da065308cba53b21358,,,FALSE,,1,0,0,0,0,0,0,0,0,1,579.6956,0,0,579.6956,1,Arbitrum
0x166913095907d7986eb66452f424cfd5cdc1dad1,,,FALSE,,1,0,0,0,0,0,0,0,0,1,579.6956,0,0,579.6956,1,Arbitrum
0x166b6770f7513ee4be7a88f7c8d250e5e8bcbfaf,Staked,Staked,TRUE,,3,0,0,0,0,0,0,3,2035.815,3,1739.087,0,0,3774.902,6,Arbitrum
0x167539702b5501aadd9b0b85e53532fd57cc71a9,,,FALSE,,1,3,43,0,0,0,0,1,678.6051,12.5,7246.194,0,0,7924.8,13.5,Arbitrum
0x16cee291dde07de2a64f5921893675d94edd91d6,,,FALSE,,1,0,0,0,0,0,0,0,0,1,579.6956,0,0,579.6956,1,Arbitrum
0x16dcb6cc3bf04ca487d64c2fbb4c47a9f6af544b,Staked,,FALSE,,0,0,0,0,0,0,0,1,678.6051,0,0,0,0,678.6051,1,Arbitrum
0x16e9562ead5eb54151a34841866712c38655037a,,,FALSE,,0,0,0,0,0,0,1,0,0,0,0,1,552.571,552.571,1,Arbitrum
0x170d4c65a8a11fe8e8a44a25a47d0385338bc5e6,,,FALSE,,0,0,0,0,0,0,0,1,678.6051,0,0,0,0,678.6051,1,Arbitrum
0x176746e6f3be14f7c213dc78049568c698ce73ea,,,FALSE,,0,0,0,0,0,0,1,0,0,0,0,1,552.571,552.571,1,Arbitrum
0x184467c4a81e0e16d7ec03c9229657ab7682fa17,,,FALSE,,0,0,0,0,0,0,0,1,678.6051,0,0,0,0,678.6051,1,Arbitrum
0x185196c8c5dd5729f22315203e09e33c3f7d7680,,,FALSE,,0,0,0,0,0,0,10,0,0,0,0,10,5525.71,5525.71,10,Arbitrum
0x188c30e9a6527f5f0c3f7fe59b72ac7253c62f28,Staked,Staked,TRUE,,4,8,68,0,0,0,0,3,2035.815,23,13333,0,0,15368.81,26,Arbitrum
0x19b0a96c3e93c7d183151120f08162df327f5d8a,,,FALSE,,0,0,0,1,0,0,0,0,0,1,579.6956,0,0,579.6956,1,Arbitrum
0x19c93eb154d0d8e1cc1fac1ecf3d2d2bcda4af8f,,,FALSE,,1,0,0,0,0,0,0,0,0,1,579.6956,0,0,579.6956,1,Arbitrum
0x1a5aaed38e68a07f9f6a8bf1ba11fc5368efbab8,,,FALSE,,1,0,0,0,0,0,0,0,0,1,579.6956,0,0,579.6956,1,Arbitrum
0x1a9a200a1cc1f701dde3c2bbbee7fc7061dc5e8c,,,FALSE,,1,0,0,0,0,0,0,0,0,1,579.6956,0,0,579.6956,1,Arbitrum
0x1ab709906bb19663e7593426ef04909f185df0f1,,,FALSE,,6,0,0,0,0,0,0,0,0,6,3478.173,0,0,3478.173,6,Arbitrum
0x1afa21bef41b61b198b1782d4f806e163c8f291d,,,FALSE,,0,0,0,0,0,0,1,0,0,0,0,1,552.571,552.571,1,Arbitrum
0x1c1d8ee11b6538bc7be4dcba00fac7243cbea75c,,,FALSE,,0,1,11,0,0,0,0,0,0,3,1739.087,0,0,1739.087,3,Optimism
0x1c277bd41a276f87d3e92bccd50c7364aa2ffc69,,,FALSE,,0,0,0,0,0,0,1,0,0,0,0,1,552.571,552.571,1,Arbitrum
0x1cdf36546176f162e6a7e34050869fa641b87c7f,,,FALSE,,1,0,0,0,0,0,0,0,0,1,579.6956,0,0,579.6956,1,Arbitrum
0x1d8700496a2f44389ae13c1418ee94ed64b5a066,,,FALSE,,1,0,0,0,0,0,0,0,0,1,579.6956,0,0,579.6956,1,Arbitrum
0x1dffdb114e58baedbd25290a1efffa9fc3726d1f,,,TRUE,,0,0,0,0,0,0,0,3,2035.815,0,0,0,0,2035.815,3,Arbitrum
0x1e39cc29009ed4760c186d8771295c1e224882d4,,,FALSE,,0,4,0,0,0,0,0,0,0,1,579.6956,0,0,579.6956,1,Arbitrum
0x1eb322c016815ee5b29c071586c1b75be5934576,,,FALSE,,3,0,0,0,0,0,0,0,0,3,1739.087,0,0,1739.087,3,Arbitrum
0x1ee27f2803fb485507455584a0fe87e7c2747489,,,FALSE,,2,0,0,0,0,0,0,0,0,2,1159.391,0,0,1159.391,2,Optimism
0x1f427a6fcdb95a7393c58552093e10a932890fa8,,,TRUE,,3,0,0,0,0,0,0,1,678.6051,3,1739.087,0,0,2417.692,4,Arbitrum
0x20f9e5a17b00350f1eaf9ad18bc5be0d54c0bc3f,,,TRUE,,4,0,0,0,0,0,1,1,678.6051,4,2318.782,1,552.571,3549.958,6,Arbitrum
0x213f6b2680dce3e4d0924acff3e4e34520ef9ba1,,,FALSE,,6,0,0,0,0,0,0,2,1357.21,6,3478.173,0,0,4835.384,8,Arbitrum
0x218d75b17f491793a96ab4326c7875950359a80c,,,FALSE,,36,0,0,0,0,0,0,0,0,36,20869.04,0,0,20869.04,36,Arbitrum
0x21af0a9117ee420cb26c32a49c59220f38f5991b,,,FALSE,,4,0,0,0,0,0,0,0,0,4,2318.782,0,0,2318.782,4,Arbitrum
0x21c8dc59f2e9a11c4c1a0c310641968132c6b1be,,,FALSE,,0,0,0,0,0,0,1,0,0,0,0,1,552.571,552.571,1,Arbitrum
0x21d79c2be4ab3de2802a60da66f86d497d06102b,,,FALSE,,4,6,22,0,0,0,0,0,0,11,6376.651,0,0,6376.651,11,Optimism
0x22cde69eb915254802a5a3244bb0ab5f359679be,,,FALSE,,1,0,0,0,0,0,0,0,0,1,579.6956,0,0,579.6956,1,Arbitrum
0x235137dfa092e40807e0d3d646aacdd5197e27dd,,,FALSE,,0,0,0,0,0,0,1,0,0,0,0,1,552.571,552.571,1,Optimism
0x23b500af90b1c67e97de5ed6d77cd375c791e3e5,,,FALSE,,0,1,3,0,0,0,0,1,678.6051,1,579.6956,0,0,1258.301,2,Arbitrum
0x240b0ec7ee0484be0f9c341a01dc63aa65d063c2,,,FALSE,,0,0,0,0,0,0,1,0,0,0,0,1,552.571,552.571,1,Optimism
0x2488f090656bddb63fe3bdb506d0d109aaad93bb,,,FALSE,,0,0,0,0,0,0,0,1,678.6051,0,0,0,0,678.6051,1,Arbitrum
0x24e2ce33c0d8ae58cda3544ebd37ed86688e8c38,,,FALSE,,0,0,0,0,0,0,1,0,0,0,0,1,552.571,552.571,1,Arbitrum
0x25b9f3bf60c74a7041115cf6fac3dc3715b2a8ee,,,FALSE,,0,0,0,0,0,0,0,1,678.6051,0,0,0,0,678.6051,1,Arbitrum
0x2612b77e5ee1b5feeddd5ec08731749bc2217f54,,,FALSE,,1,0,0,0,0,0,1,1,678.6051,1,579.6956,1,552.571,1810.872,3,Optimism
0x2612eba4a83d08199a263b5d010064d5104fb72b,,,FALSE,,1,0,0,0,0,0,0,0,0,1,579.6956,0,0,579.6956,1,Arbitrum
0x26e2e8a24e867e5e96ea0c4913e659cdc8a97973,,,FALSE,,3,0,0,0,0,0,0,0,0,3,1739.087,0,0,1739.087,3,Arbitrum
0x27407cadad03b2194f96674cf8cfab5121f09248,,,FALSE,,22,0,0,0,0,0,0,0,0,22,12753.3,0,0,12753.3,22,Arbitrum
0x2757475d4bdf2f01711579010b885d410f8ed1c7,,,FALSE,,3,0,0,0,0,0,0,0,0,3,1739.087,0,0,1739.087,3,Arbitrum
0x277c74f45724945b2066f305fcb5a609312390e2,,,FALSE,,12,0,0,0,0,0,0,0,0,12,6956.347,0,0,6956.347,12,Arbitrum
0x27c527a73a9645b8c93a305ae95bc4f9cb52c397,,,FALSE,,2,2,0,0,0,0,0,0,0,2.5,1449.239,0,0,1449.239,2.5,Arbitrum
0x280bf69d522bbcfb3aeb138c59d85a16e449057c,,,TRUE,,0,0,0,0,0,0,0,3,2035.815,0,0,0,0,2035.815,3,Optimism
0x282d656a9d95c64522f6bc1a42ee759de81e8dc0,,,FALSE,,0,0,0,0,0,0,1,0,0,0,0,1,552.571,552.571,1,Arbitrum
0x2856cf9905d923469bb749e9787fc953b0a321e8,,,FALSE,,1,0,0,0,0,0,0,0,0,1,579.6956,0,0,579.6956,1,Optimism
0x292c6dae7417b3d31d8b6e1d2eea0258d14c4c4b,,,FALSE,,0,0,0,0,0,0,1,0,0,0,0,1,552.571,552.571,1,Optimism
0x2933c692a1e58855005485bf8bfa025a3f090f62,,,FALSE,,0,0,0,0,0,0,0,2,1357.21,0,0,0,0,1357.21,2,Arbitrum
0x2954545252353dcd73d191c0af1ab73c9f456e46,,,FALSE,,0,0,0,0,0,0,1,0,0,0,0,1,552.571,552.571,1,Arbitrum
0x29687e2a2b38bbc1f4f9069f1f24f13a3c83d27d,,,TRUE,enlisted,0,0,0,0,0,0,1,2,1357.21,0,0,1,552.571,1909.781,3,Arbitrum
0x2968bd1a20f99d64fd6db2e32af4ca68d197d3dd,,,FALSE,,0,0,0,0,0,0,1,0,0,0,0,1,552.571,552.571,1,Arbitrum
0x298a41ee3c56177f4b56fd686b675f3cb47fc0f4,,,FALSE,,0,0,0,0,0,0,1,0,0,0,0,1,552.571,552.571,1,Arbitrum
0x29a00cf5e5987ca45744040d328440700e915de0,,,FALSE,,1,0,0,0,0,0,0,0,0,1,579.6956,0,0,579.6956,1,Arbitrum
0x29eb182b934780bb25c4656268df4c919225e707,,,FALSE,,0,0,0,0,0,0,1,0,0,0,0,1,552.571,552.571,1,Arbitrum
0x2a0059610c92842dc2ef84af76b244c28687e647,,,FALSE,,3,0,0,0,0,0,0,0,0,3,1739.087,0,0,1739.087,3,Arbitrum
0x2a2cd7400f922085b62ca9bd9ac0f16151f716ab,,,FALSE,,1,0,0,0,0,0,0,0,0,1,579.6956,0,0,579.6956,1,Optimism
0x2a4183b48c8738a565685082b9ed64e1ada423b1,,,FALSE,,0,12,41,0,0,0,0,0,0,13.25,7680.966,0,0,7680.966,13.25,Arbitrum
0x2a7051d7cbbef7b6889f8e14774020b1653b94c1,,,FALSE,,5,0,0,0,0,0,0,0,0,5,2898.478,0,0,2898.478,5,Arbitrum
0x2ab33dcf1654b7dcbab4f83ded130d9ce8e19378,,,FALSE,,0,0,0,0,0,0,0,1,678.6051,0,0,0,0,678.6051,1,Arbitrum
0x2afccecb86504de8023def0cac5a7fbc240830bb,,,FALSE,enlisted,0,0,0,0,0,0,0,1,678.6051,0,0,0,0,678.6051,1,Optimism
0x2b3d7382e3ee91a42ac6e2c45c8fbce6c5639310,,,FALSE,,0,0,0,0,0,0,1,0,0,0,0,1,552.571,552.571,1,Arbitrum
0x2bdd21457ccc8cdbe2e4c2a94b7d346675ab10db,,,FALSE,,1,0,0,0,0,0,0,0,0,1,579.6956,0,0,579.6956,1,Arbitrum
0x2cb00a7bc48d08053c2d651bb661ff2e794265ee,,,FALSE,,0,0,13,0,0,0,0,0,0,3.25,1884.011,0,0,1884.011,3.25,Arbitrum
0x2d8b0990fcdfd5f5ca99f456a49b4072d927cb1c,,,FALSE,,1,0,0,0,0,0,0,0,0,1,579.6956,0,0,579.6956,1,Arbitrum
0x2dedeed864baf0728e700696333a79f13a5858e1,,,FALSE,,0,0,0,0,0,0,1,0,0,0,0,1,552.571,552.571,1,Optimism
0x2e1bbb7c78a5a534df2442909ab14ce370431e76,,,TRUE,,0,6,11,0,0,0,0,3,2035.815,4.25,2463.706,0,0,4499.521,7.25,Arbitrum
0x2ec1d7a211245d31aaad13ffc11a06e2b21d56e3,,,FALSE,,0,0,0,0,0,0,1,0,0,0,0,1,552.571,552.571,1,Arbitrum
0x2f16c5ae6f07aa2b85c6b71e9179ffcb47045677,,,FALSE,,3,0,11,0,0,0,0,1,678.6051,5.75,3333.249,0,0,4011.855,6.75,Arbitrum
0x2f9021771ede6a07324ae62cb4864105691248fb,,,FALSE,,0,0,0,0,0,0,1,0,0,0,0,1,552.571,552.571,1,Optimism
0x2fcc020f72e5d2edd2a24d04f3dc90d7fdfbd1dd,,,FALSE,,0,8,23,1,0,0,0,0,0,8.75,5072.336,0,0,5072.336,8.75,Arbitrum
0x3051af9312651aea6e6d8a7b7a80d25c5f1152e1,,Staked,FALSE,,0,0,0,0,0,0,0,1,678.6051,0,0,0,0,678.6051,1,Optimism
0x30c97952d551831ef61aa3e1d58fa7a873d3ef03,,,FALSE,,3,0,0,0,0,0,0,0,0,3,1739.087,0,0,1739.087,3,Arbitrum
0x30f8a91035da662722b72ab32efa454b2530b530,,,FALSE,,0,0,0,0,0,0,1,0,0,0,0,1,552.571,552.571,1,Arbitrum
0x310889a83aa9b989f7251ceda4525241e912f21f,,,FALSE,,1,0,0,0,0,0,0,0,0,1,579.6956,0,0,579.6956,1,Arbitrum
0x31331ec182777b3e3cf127f4709a8aaa8f76e549,,,FALSE,,0,0,0,0,0,0,2,0,0,0,0,2,1105.142,1105.142,2,Arbitrum
0x31613fa26f749dd32b27e78566184b287e753d76,,,FALSE,,0,0,0,0,0,0,1,0,0,0,0,1,552.571,552.571,1,Arbitrum
0x31a6d0ea27db941257024189a3718472d40ef663,,,FALSE,,0,0,0,0,0,0,1,0,0,0,0,1,552.571,552.571,1,Arbitrum
0x31ae2c2caec2bc9211cc6e55d73dc3e874babdbb,,,FALSE,,2,0,0,0,0,0,0,0,0,2,1159.391,0,0,1159.391,2,Arbitrum
0x31d173ea66fa8fba38b3ddb798c1c1098f3ae8c5,,,TRUE,,6,0,0,0,0,0,0,1,678.6051,6,3478.173,0,0,4156.778,7,Arbitrum
0x3238b53a910b69f5dbdb31786613ce944536ba19,,,FALSE,,0,0,0,0,0,0,0,1,678.6051,0,0,0,0,678.6051,1,Arbitrum
0x324e0b53cefa84cf970833939249880f814557c6,,,FALSE,,0,0,0,0,0,0,0,1,678.6051,0,0,0,0,678.6051,1,Arbitrum
0x32628d777b865b2e029b0e5e5715c1ddd347b3f3,,,FALSE,,1,0,0,0,0,0,0,0,0,1,579.6956,0,0,579.6956,1,Arbitrum
0x3286536cf224aeea02d1099d7f3bdfb58654e9d2,,,FALSE,,0,0,10,0,0,0,0,0,0,2.5,1449.239,0,0,1449.239,2.5,Optimism
0x32cb4d6093b854061c63c1d3f243347a45a17e0b,,,FALSE,,1,0,0,0,0,0,1,0,0,1,579.6956,1,552.571,1132.267,2,Arbitrum
0x32ebe9ff7006786f6ed4311dfd46d4d94a149622,,,FALSE,,1,0,0,0,0,0,0,0,0,1,579.6956,0,0,579.6956,1,Arbitrum
0x331db768bb12884b577312d6d0456a9e186010f6,,,FALSE,,1,0,0,0,0,0,0,0,0,1,579.6956,0,0,579.6956,1,Arbitrum
0x335147a6afcfe1136d9341c9a264f4a69616ad7a,,,FALSE,,4,0,0,0,0,0,0,0,0,4,2318.782,0,0,2318.782,4,Arbitrum
0x33ab17c44929ab7b05d473f6d72d9fa7cda3d8e7,,,FALSE,,1,0,0,0,0,0,0,0,0,1,579.6956,0,0,579.6956,1,Arbitrum
0x33dfba48f77f4dff1b69532b523ebb076da3c33c,,,FALSE,,0,0,0,0,0,0,1,0,0,0,0,1,552.571,552.571,1,Optimism
0x33f144aa851e9e55b042f46014bb4f737bc777bf,,,TRUE,,1,0,0,0,0,0,0,1,678.6051,1,579.6956,0,0,1258.301,2,Arbitrum
0x3476bec6f4e08819e7e882ae36ddbaa3f76f02ac,,,FALSE,,0,8,0,0,0,0,0,0,0,2,1159.391,0,0,1159.391,2,Optimism
0x348541eb9604d28ad14274a397e9396f7ba955bc,,,FALSE,,1,0,0,0,0,0,0,0,0,1,579.6956,0,0,579.6956,1,Optimism
0x35105c1a66c589ff7f2bcaff5cc51080020aa549,,,FALSE,,2,0,0,0,0,0,0,0,0,2,1159.391,0,0,1159.391,2,Arbitrum
0x35641673a0ce64f644ad2f395be19668a06a5616,Staked,Staked,FALSE,,0,0,0,0,0,0,0,2,1357.21,0,0,0,0,1357.21,2,Arbitrum
0x36162c7b2d4a94686d74f8c9649769e1733ee42e,Staked,,FALSE,,0,0,0,0,0,0,0,1,678.6051,0,0,0,0,678.6051,1,Arbitrum
0x37a6156e4a6e8b60b2415af040546cf5e91699bd,,,TRUE,,3,0,0,0,0,0,0,1,678.6051,3,1739.087,0,0,2417.692,4,Arbitrum
0x37cc9556e2a4fa3b9901c2a4790fc3e6989ce4a7,,,FALSE,,0,2,18,0,0,0,0,0,0,5,2898.478,0,0,2898.478,5,Optimism
0x37dba16c4f2993228d4e1ea30524e4780ced41a3,,,FALSE,,0,0,0,0,0,0,1,0,0,0,0,1,552.571,552.571,1,Arbitrum
0x38123a191e9685448658d2207b0543e2fb9282cc,,,FALSE,,0,0,0,0,0,0,2,0,0,0,0,2,1105.142,1105.142,2,Arbitrum
0x3881871c3621e9a8bb9f5c046a2c944c24229874,,,FALSE,,0,0,0,0,0,1,0,0,0,0,0,10,5525.71,5525.71,10,Arbitrum
0x38daea6f17e4308b0da9647db9ca6d84a3a7e195,,,FALSE,,3,0,0,0,0,0,4,0,0,3,1739.087,4,2210.284,3949.371,7,Arbitrum
0x3961b39418d88a1ce6e249b60e0ba168a4c41eed,,,FALSE,,3,0,0,0,0,0,0,0,0,3,1739.087,0,0,1739.087,3,Arbitrum
0x39de56518e136d472ef9645e7d6e1f7c6c8ed37b,,,TRUE,,0,0,0,0,0,0,0,2,1357.21,0,0,0,0,1357.21,2,Arbitrum
0x3a2d016124df975850b84a6a970ecd5725bf793d,,,TRUE,,0,0,0,0,0,0,0,2,1357.21,0,0,0,0,1357.21,2,Optimism
0x3b4c30bcf5b90626fc2d589c25280679217312ff,,,FALSE,,1,0,0,0,0,0,0,0,0,1,579.6956,0,0,579.6956,1,Arbitrum
0x3b55efe82993a5768b9c18b1da92b22d6731353b,,,FALSE,,0,0,0,0,0,0,1,0,0,0,0,1,552.571,552.571,1,Arbitrum
0x3bb8d70932685e75fb11c166b2c30f5b0a0c959e,,,FALSE,,0,0,0,0,0,0,1,0,0,0,0,1,552.571,552.571,1,Arbitrum
0x3bc1158e5bce8c10e5da0edfbb94b261eec46a76,,,FALSE,,0,0,0,0,0,0,1,0,0,0,0,1,552.571,552.571,1,Arbitrum
0x3c2d6d7144241f1f1203c29c124585e55b58975e,,,FALSE,,1,0,0,0,0,0,0,0,0,1,579.6956,0,0,579.6956,1,Optimism
0x3c6cf50343d972db4373a3e8482c9681efbda6f6,,,FALSE,,3,0,0,0,0,0,0,0,0,3,1739.087,0,0,1739.087,3,Arbitrum
0x3c7028cfb96f8f5fb7874ad5dcbfe09b257cd983,,,FALSE,,1,0,0,0,0,0,0,0,0,1,579.6956,0,0,579.6956,1,Arbitrum
0x3d16451a4b73e778bfec126025ba79716a17e32d,,,FALSE,,0,0,0,0,0,0,1,0,0,0,0,1,552.571,552.571,1,Arbitrum
0x3d909b6cb958a32f1a6e0d016c387a3a2c8decd1,,,FALSE,,0,0,0,0,0,0,1,0,0,0,0,1,552.571,552.571,1,Arbitrum
0x3e17fac953de2cd729b0ace7f6d4353387717e9e,,,TRUE,,0,0,0,0,0,0,1,1,678.6051,0,0,1,552.571,1231.176,2,Arbitrum
0x3e3523949511e2954682e0b9be2826254b4fab5b,,,FALSE,,6,0,0,0,0,0,0,0,0,6,3478.173,0,0,3478.173,6,Arbitrum
0x3ea64fe7b3329a920a29cc23ce7bdab804ce5216,,,FALSE,,4,0,0,0,0,0,0,0,0,4,2318.782,0,0,2318.782,4,Arbitrum
0x3ec6732676db7996c1b34e64b0503f941025cb63,Staked,,TRUE,,0,0,0,0,0,0,1,2,1357.21,0,0,1,552.571,1909.781,3,Arbitrum
0x3f049e5850229d18f01460dfda38c3ea6422b5a4,,,FALSE,,15,0,0,0,0,0,0,0,0,15,8695.433,0,0,8695.433,15,Arbitrum
0x3fd1ddf28f604cfe5fefa3adc38e38be2f7208d6,,,FALSE,,0,0,0,0,0,0,0,1,678.6051,0,0,0,0,678.6051,1,Arbitrum
0x40389e4389192a2cfdc02c53bdf28c9817b5e483,,,FALSE,,0,0,0,0,0,1,0,0,0,0,0,10,5525.71,5525.71,10,Arbitrum
0x40ce1cc669960b771e8d0c1663de5d6d29d85119,,,FALSE,,1,0,0,0,0,0,0,0,0,1,579.6956,0,0,579.6956,1,Arbitrum
0x41479ef47a68c5c37e588717cd34701913246eea,,,FALSE,,9,0,0,0,0,0,0,0,0,9,5217.26,0,0,5217.26,9,Arbitrum
0x4170c4fb8d919ac3b7efdf48fa7ae114079d38cb,,,FALSE,,1,0,0,0,0,0,0,0,0,1,579.6956,0,0,579.6956,1,Arbitrum
0x41a52c8db1833015eb0c40b13c818c40e13c6bf6,,,FALSE,,1,0,0,0,0,0,0,0,0,1,579.6956,0,0,579.6956,1,Arbitrum
0x41d99f70fe069e8e16c00d827ff58d53ec43e12e,,,FALSE,,2,0,0,0,0,0,0,0,0,2,1159.391,0,0,1159.391,2,Arbitrum
0x41e260e8f07615418968c5fc7d10e277cf7eab56,,,FALSE,,0,0,0,0,0,0,1,0,0,0,0,1,552.571,552.571,1,Arbitrum
0x43930ff04d18a5b59805151c1eb403c55870641e,,,FALSE,,0,0,0,0,0,0,1,0,0,0,0,1,552.571,552.571,1,Optimism
0x43f708c3f68b5fe2fe5cf38844b56613c71fc544,,,FALSE,,0,0,0,0,0,0,1,0,0,0,0,1,552.571,552.571,1,Arbitrum
0x4443a98e9ea5abfb96b552f0557c68871b635e3e,,,FALSE,,1,0,0,0,0,0,0,0,0,1,579.6956,0,0,579.6956,1,Arbitrum
0x451782b1fac3b8020309c1fa9203b01bf82deabe,,,FALSE,,7,0,0,0,0,0,0,0,0,7,4057.869,0,0,4057.869,7,Arbitrum
0x45260985af07f1a3121e65743dc418613f42b616,,,FALSE,,1,0,0,0,0,0,0,0,0,1,579.6956,0,0,579.6956,1,Arbitrum
0x4544748a6c906333b7693c6989d5ca4fa68f3741,,,FALSE,,1,0,0,0,0,0,0,0,0,1,579.6956,0,0,579.6956,1,Arbitrum
0x463d68b8a652b8022b44782bc40783714ad4208f,,,FALSE,,0,0,0,0,0,0,0,2,1357.21,0,0,0,0,1357.21,2,Arbitrum
0x4644a9afe25b01405b9099c32fbf123f919d4838,,,FALSE,,0,0,0,0,0,0,1,0,0,0,0,1,552.571,552.571,1,Arbitrum
0x468c2dac680f0600bf8c86b6a8bbffc81f82f159,,,FALSE,,1,0,0,0,0,0,0,0,0,1,579.6956,0,0,579.6956,1,Arbitrum
0x473668e5f99e0e0bfa66c2c979e9cd26761f2f62,,,FALSE,,3,0,0,0,0,0,0,0,0,3,1739.087,0,0,1739.087,3,Arbitrum
0x47547895218274e121e4219a3fd23235377a9903,,,FALSE,,0,0,0,0,0,0,1,0,0,0,0,1,552.571,552.571,1,Arbitrum
0x475bbe6b5154e19e8c9691fbb332f0f8807d19c0,,,FALSE,,1,0,0,0,0,0,0,0,0,1,579.6956,0,0,579.6956,1,Arbitrum
0x47d228fb786bb14117625147f1055638f46b6893,,,FALSE,,0,0,0,0,0,0,1,0,0,0,0,1,552.571,552.571,1,Arbitrum
0x47e1f80c98e2db6ae6319cee060db025fb87ebb7,,,FALSE,,1,0,0,0,0,0,0,0,0,1,579.6956,0,0,579.6956,1,Arbitrum
0x4839600e1e3d57c933bd1d116a4d4ccae9f2a509,,,FALSE,,3,0,0,0,0,0,0,0,0,3,1739.087,0,0,1739.087,3,Arbitrum
0x4864e9ba3ab4270e338d1d52a49c383294c34134,,,TRUE,,0,0,0,0,0,0,1,1,678.6051,0,0,1,552.571,1231.176,2,Arbitrum
0x490cf3bf977f01029204643405087d237179a48f,,,FALSE,,1,0,0,0,0,0,0,0,0,1,579.6956,0,0,579.6956,1,Arbitrum
0x491b7a9b39b1cac4f2e4ee1e6fb455a02a51f39b,,,FALSE,,1,0,0,0,0,0,0,0,0,1,579.6956,0,0,579.6956,1,Arbitrum
0x49739691fb5f3992b3f2536f309d955558e75933,,,TRUE,enlisted,0,0,0,0,0,0,0,3,2035.815,0,0,0,0,2035.815,3,Optimism
0x49d1978dce1a788a0e33ac59c004e5fee4093e95,,,FALSE,,0,0,0,0,0,0,1,0,0,0,0,1,552.571,552.571,1,Arbitrum
0x4a24fd841e74c28309bca5730b40679e18c5fca0,,,FALSE,,0,0,0,0,0,0,1,0,0,0,0,1,552.571,552.571,1,Arbitrum
0x4b40f8ffe23bac2035978a79077068dfa08c591f,,,FALSE,,0,0,0,0,0,0,1,0,0,0,0,1,552.571,552.571,1,Arbitrum
0x4b6bb4f9b2381a89d65a58f1db5bc417f419a7f4,,,FALSE,,1,0,0,0,0,0,0,0,0,1,579.6956,0,0,579.6956,1,Arbitrum
0x4b7fbe2d88065d6e95334814a1f3b0b475c51869,,,FALSE,,1,0,0,0,0,0,0,0,0,1,579.6956,0,0,579.6956,1,Optimism
0x4d312d7fa74cbd888235f84299cdaf4e74fcb602,,,FALSE,,1,0,0,0,0,0,0,0,0,1,579.6956,0,0,579.6956,1,Arbitrum
0x4d477f1aabcfc2fc3fc9b802e861c013e0123ad9,,,FALSE,,0,0,0,0,0,0,1,0,0,0,0,1,552.571,552.571,1,Arbitrum
0x4d58d36e46cf9af14e416061fe5d0074780b4099,,,FALSE,,0,0,0,0,0,0,1,0,0,0,0,1,552.571,552.571,1,Arbitrum
0x4e5fa9ce58dd05588d922d2324bafbe0a77d86fa,,,FALSE,,1,0,0,0,0,0,0,0,0,1,579.6956,0,0,579.6956,1,Arbitrum
0x4f4b95b086ba390442febfcab60893bfab04106c,,,FALSE,,1,0,0,0,0,0,0,0,0,1,579.6956,0,0,579.6956,1,Arbitrum
0x4f6f32e1692566d335e7498a1ff9a1c1af43106b,,,FALSE,,0,0,0,0,0,0,1,0,0,0,0,1,552.571,552.571,1,Arbitrum
0x4fbcd2f65051b96efc4262d6afeffc04d21d5bf2,,,FALSE,,0,10,0,0,0,0,0,0,0,2.5,1449.239,0,0,1449.239,2.5,Arbitrum
0x510e29214d26dba2c34b0bf748b7df543b1f1613,,,FALSE,,1,0,0,0,0,0,0,0,0,1,579.6956,0,0,579.6956,1,Arbitrum
0x5122b4d90185958faa110a3a02b647c755b977fd,,,FALSE,,1,0,0,0,0,0,0,0,0,1,579.6956,0,0,579.6956,1,Arbitrum
0x512e0fae292f125e9203ebbf0c1e6a126aab4899,,,FALSE,,1,0,0,0,0,0,0,0,0,1,579.6956,0,0,579.6956,1,Arbitrum
0x513aedace44cc9a0724ca276a8ceeee950903576,,,FALSE,,0,0,0,0,0,0,1,0,0,0,0,1,552.571,552.571,1,Arbitrum
0x514b1861561fddf86baf8462e001a1584e1b7b83,,,FALSE,,0,0,0,0,0,1,0,0,0,0,0,10,5525.71,5525.71,10,Optimism
0x524cb61b52414a8413e6edec12891b11f71a711d,,,FALSE,,0,0,0,0,0,0,2,0,0,0,0,2,1105.142,1105.142,2,Arbitrum
0x52b9783f1f955ac10d50c7d4ab62d7f2288d6446,,,FALSE,,0,0,0,0,0,0,1,0,0,0,0,1,552.571,552.571,1,Optimism
0x52caddd236c7d981b3d6d82442cc0bae06be4a7a,,,FALSE,,1,0,0,0,0,0,0,0,0,1,579.6956,0,0,579.6956,1,Arbitrum
0x530ac1fc7b2bdd41c0bb52bd255caade6531c917,,,FALSE,,1,0,0,0,0,0,0,0,0,1,579.6956,0,0,579.6956,1,Arbitrum
0x53920ae995e32abac0f46e5ee1245858d425829c,,,FALSE,,0,1,0,0,0,0,0,0,0,0.25,144.9239,0,0,144.9239,0.25,Arbitrum
0x540e9f78d6265aaa9ad320f31ac38ff2553f6f5f,,,FALSE,,0,0,0,0,0,1,0,0,0,0,0,10,5525.71,5525.71,10,Optimism
0x550339b44e603c3cbe6b0c00cf70bbfe16c5a04a,,,FALSE,,0,0,0,0,0,0,1,0,0,0,0,1,552.571,552.571,1,Arbitrum
0x5565d64f29ea17355106df3ba5903eb793b3e139,,,TRUE,,0,0,0,0,0,1,0,1,678.6051,0,0,10,5525.71,6204.315,11,Arbitrum
0x55956aaad86b318992e7f6dbd8e41923f6829606,,,FALSE,,2,0,0,0,0,0,0,1,678.6051,2,1159.391,0,0,1837.996,3,Arbitrum
0x564fc5027be63048121d54608cabf441e1f63473,,,FALSE,,0,0,0,0,0,0,1,0,0,0,0,1,552.571,552.571,1,Arbitrum
0x5662696f3487304a50ac51889c4e30592b6b25f6,,,FALSE,,3,0,0,0,0,0,0,0,0,3,1739.087,0,0,1739.087,3,Arbitrum
0x5677e091bca26154b4a125dc90aff0be133b0346,,,FALSE,,1,0,0,0,0,0,0,0,0,1,579.6956,0,0,579.6956,1,Arbitrum
0x574a782a00dd152d98ff85104f723575d870698e,,,FALSE,,0,9,43,0,0,0,0,0,0,13,7536.042,0,0,7536.042,13,Optimism
0x575740f581038f792425670fa6bfebcc8e4dcdff,,,FALSE,,0,3,13,0,0,0,0,0,0,4,2318.782,0,0,2318.782,4,Arbitrum
0x57635690d9209b4208bd4b32606cf8e5ce310837,,,FALSE,,1,0,0,0,0,0,0,0,0,1,579.6956,0,0,579.6956,1,Arbitrum
0x578c4a68940f5cfadf01678f575001483558f748,,,FALSE,,1,0,0,0,0,0,0,0,0,1,579.6956,0,0,579.6956,1,Arbitrum
0x5800316f367f0a316e4a1b68af5f773b15d2db9f,,,FALSE,,1,0,0,0,0,0,0,0,0,1,579.6956,0,0,579.6956,1,Arbitrum
0x58292dccdb7609540b8520b60d448fd8395740fd,,,FALSE,,1,0,0,0,0,0,0,0,0,1,579.6956,0,0,579.6956,1,Arbitrum
0x5833869fdeb4d371b854d7474f5f84b43320fd05,,,FALSE,,5,0,0,0,0,0,0,0,0,5,2898.478,0,0,2898.478,5,Arbitrum
0x583e76ffb9b25129e1b26ca4f7f873dae8093e26,,,FALSE,,0,4,12,0,0,0,0,0,0,4,2318.782,0,0,2318.782,4,Arbitrum
0x5877af7fc64e26c695806e2fd7e083c8511e61f1,,,FALSE,,1,0,0,0,0,0,0,0,0,1,579.6956,0,0,579.6956,1,Arbitrum
0x58e711c0a4f28ce553ceb77a9fc0eefe55a473e4,,,FALSE,,0,0,0,0,0,0,1,0,0,0,0,1,552.571,552.571,1,Arbitrum
0x597bea912e8734e17ddc4f43a489a1472d9459cf,,,FALSE,,0,0,0,0,0,0,0,1,678.6051,0,0,0,0,678.6051,1,Arbitrum
0x5a0f2c1d8e563db79ee40f979f6bcd0d27f86f80,,,TRUE,,0,0,0,0,0,0,0,2,1357.21,0,0,0,0,1357.21,2,Arbitrum
0x5a1b8d6a57445deced8f816310fdb0aa6367cf10,,,FALSE,,0,0,0,0,0,0,1,0,0,0,0,1,552.571,552.571,1,Arbitrum
0x5a230ab790abd2771e2448b49e63e16b8032d5e9,Staked,Staked,TRUE,,0,0,0,0,0,0,0,3,2035.815,0,0,0,0,2035.815,3,Arbitrum
0x5a27d268e830655e908a0a2c3b24f572695af5e8,,,FALSE,,0,0,0,0,0,0,1,0,0,0,0,1,552.571,552.571,1,Arbitrum
0x5a72bfaf8dd5b251bd008fdc0b4656319ac0509b,,,FALSE,,0,0,0,0,0,0,1,0,0,0,0,1,552.571,552.571,1,Arbitrum
0x5a9d37291d786e6f292975b431574c2e9d05cefa,,,FALSE,,1,0,0,0,0,0,0,0,0,1,579.6956,0,0,579.6956,1,Arbitrum
0x5aa34335ba8d84002bda0d1cfd9c0dcc8e7bba7a,,,FALSE,,1,0,0,0,0,0,0,0,0,1,579.6956,0,0,579.6956,1,Arbitrum
0x5aaaef91f93be4de932b8e7324abbf9f26daa706,,,FALSE,,1,0,0,0,0,0,0,0,0,1,579.6956,0,0,579.6956,1,Arbitrum
0x5b06b44a66e5345661f6e4596f3a20da19eec1ee,Staked,,FALSE,,0,0,0,0,0,0,0,1,678.6051,0,0,0,0,678.6051,1,Arbitrum
0x5bfcd9fe67a606a6b6756db3db647ea166e91aa0,,,FALSE,,3,0,0,0,0,0,0,0,0,3,1739.087,0,0,1739.087,3,Arbitrum
0x5c2acae2bfbf75b7a2f045dc7f4326bc4f0b048d,,,FALSE,,0,6,13,0,0,0,0,0,0,4.75,2753.554,0,0,2753.554,4.75,Arbitrum
0x5c648ad819217f69268caa8af95bfb8cc81d5154,,,FALSE,,1,0,0,0,0,0,0,0,0,1,579.6956,0,0,579.6956,1,Optimism
0x5cafbd5ae3ebeefeae0a1ef6ef21177df4e961a4,,,FALSE,,2,0,0,0,0,0,1,0,0,2,1159.391,1,552.571,1711.962,3,Optimism
0x5cb656d7605d9924c085fc859585f3ff2f7ad08f,,,FALSE,,0,0,0,0,0,0,1,0,0,0,0,1,552.571,552.571,1,Arbitrum
0x5d2a62c53f8449c8a75c46b4a11ec64e35a7d525,,,FALSE,,0,0,0,0,0,0,1,0,0,0,0,1,552.571,552.571,1,Arbitrum
0x5e03b07ae157ee1ca5bf2f3cbe5bc8dc38f3e965,,,FALSE,,0,0,0,0,0,0,1,0,0,0,0,1,552.571,552.571,1,Optimism
0x5e0a088942ec09c9ea98ae237625f063a3bed237,,,TRUE,,5,0,0,0,0,0,0,2,1357.21,5,2898.478,0,0,4255.688,7,Arbitrum
0x5e46884a77e0ac5f3126e30720bd5218814dc5e2,,,FALSE,,0,0,0,0,0,0,1,0,0,0,0,1,552.571,552.571,1,Arbitrum
0x5e93781e8bac02c42d1efb9c80c7b9962ca66215,,,FALSE,,0,0,0,0,0,0,1,0,0,0,0,1,552.571,552.571,1,Arbitrum
0x5f84377f49629c73b6a8de747d9a86ba6c766c85,,,FALSE,,0,0,0,0,0,0,0,2,1357.21,0,0,0,0,1357.21,2,Arbitrum
0x5f96322bafb9b06e33930e68bf8db3f23f83f126,,,FALSE,,0,1,0,0,0,0,0,0,0,0.25,144.9239,0,0,144.9239,0.25,Optimism
0x60c2847dd005a346c032ebf1874d5a30632da7bf,,,FALSE,,4,0,0,0,0,0,0,0,0,4,2318.782,0,0,2318.782,4,Arbitrum
0x6129aeaf582dd8b748772e19fb7a80af26d4c2d3,,,FALSE,,0,0,0,0,0,0,1,0,0,0,0,1,552.571,552.571,1,Arbitrum
0x61c95db467a70fa032d79b673589cdfb1406c652,,,FALSE,,1,0,0,0,0,0,0,0,0,1,579.6956,0,0,579.6956,1,Arbitrum
0x6232d7a6085d0ab8f885292078eeb723064a376b,,,FALSE,,3,0,0,0,0,0,0,0,0,3,1739.087,0,0,1739.087,3,Arbitrum
0x62c704b3645ed6274c5220d324253b816855bc7c,,,FALSE,,0,0,0,0,0,0,0,2,1357.21,0,0,0,0,1357.21,2,Arbitrum
0x63218c1c12a7a81e8748a7172baa922c8b20d0dd,,,FALSE,,0,0,0,0,0,0,1,0,0,0,0,1,552.571,552.571,1,Arbitrum
0x63a370abfc8ed6132025f6dc8244ddf6205c174b,,,FALSE,,0,0,0,0,0,0,1,0,0,0,0,1,552.571,552.571,1,Arbitrum
0x63c9a867d704df159bbbb88eeee1609196b1995e,,,FALSE,,0,0,0,0,0,0,1,0,0,0,0,1,552.571,552.571,1,Arbitrum
0x64766a112b319dbcd77e3b20dff62b15693c2c70,,,FALSE,,0,0,0,0,0,0,1,0,0,0,0,1,552.571,552.571,1,Arbitrum
0x64df7af696e0977771a0e1e1b1a8dd22ded3cf4b,,,FALSE,,0,0,0,0,0,0,1,0,0,0,0,1,552.571,552.571,1,Arbitrum
0x65540416de04224d7f657609a190ea33d346084b,,,FALSE,,1,0,0,0,0,0,0,0,0,1,579.6956,0,0,579.6956,1,Arbitrum
0x65764f14c41146db678d10bfbcd87b35af67cb9d,,,FALSE,,3,0,0,0,0,0,0,0,0,3,1739.087,0,0,1739.087,3,Arbitrum
0x6637b4b8fc4102135340509e294beeebf4793fa7,,,FALSE,,0,0,0,0,0,0,1,0,0,0,0,1,552.571,552.571,1,Arbitrum
0x66e9e8a51a66a264a224e18d468a575f36b53064,,,FALSE,,0,0,0,0,0,0,1,0,0,0,0,1,552.571,552.571,1,Arbitrum
0x67088f546ad0c9adac3a7162f28219d0676bd8f9,,,FALSE,,1,0,0,0,0,0,0,0,0,1,579.6956,0,0,579.6956,1,Arbitrum
0x676b91977a0d5850ced804e1c282ee9ad69b0274,,,FALSE,,0,38,37,0,0,0,0,0,0,18.75,10869.29,0,0,10869.29,18.75,Optimism
0x67c4f4736f8df26c11456750f3daff1377e02c65,,,FALSE,,0,0,0,0,0,0,0,2,1357.21,0,0,0,0,1357.21,2,Optimism
0x682bde2ac78bcc2df7d19dfa747cc6dce9d3392b,,,FALSE,,4,0,0,0,0,0,0,0,0,4,2318.782,0,0,2318.782,4,Arbitrum
0x68781516d80ec9339ecdf5996dfbcafb8afe8e22,,,FALSE,,8,0,0,0,0,0,0,0,0,8,4637.564,0,0,4637.564,8,Arbitrum
0x6908cc437c8bea5c19a81e487a1528635ec2b197,,,FALSE,,0,0,0,0,0,0,1,0,0,0,0,1,552.571,552.571,1,Arbitrum
0x6977e753e022f65ebeb170d8267b2ea54a431523,,,TRUE,,0,0,0,0,0,0,0,2,1357.21,0,0,0,0,1357.21,2,Arbitrum
0x6981378e696b0dd0e585d4d519c98b8a2c5bc020,,,TRUE,,0,2,0,0,0,0,0,2,1357.21,0.5,289.8478,0,0,1647.058,2.5,Arbitrum
0x69e6717964273a4b031242bfcc904469ed7171dd,,,FALSE,,7,0,0,0,0,0,0,2,1357.21,7,4057.869,0,0,5415.079,9,Arbitrum
0x6a2d7c1c0f200b9703e1b89c085398a6b4d50725,,,FALSE,,1,0,0,0,0,0,0,0,0,1,579.6956,0,0,579.6956,1,Arbitrum
0x6a73b51695342a41eb29a7b6f0f1a384793f4ee3,,,FALSE,,1,0,0,0,0,0,0,0,0,1,579.6956,0,0,579.6956,1,Arbitrum
0x6b71a2ded86b4caf125b9ca54288883550454c18,,,FALSE,,7,1,0,0,0,0,0,0,0,7.25,4202.793,0,0,4202.793,7.25,Arbitrum
0x6bcb45af1ecf290ae8c74d86b72cdfd3321ced2e,,,FALSE,,0,0,0,0,0,0,1,0,0,0,0,1,552.571,552.571,1,Arbitrum
0x6bcc8a952fbc6dd37626250487808924db2e8b24,Staked,Staked,FALSE,,3,0,0,0,0,0,0,2,1357.21,3,1739.087,0,0,3096.297,5,Arbitrum
0x6c4de74f5752960e991d7bf580fde2cfc5e2ca59,,,FALSE,,0,0,0,0,0,0,1,0,0,0,0,1,552.571,552.571,1,Optimism
0x6ca7b32902ea9dcf9e184830b85c7ba40b742811,,,FALSE,,2,0,0,0,0,0,0,0,0,2,1159.391,0,0,1159.391,2,Arbitrum
0x6cd68e8f04490cd1a5a21cc97cc8bc15b47dc9eb,,,TRUE,,0,0,0,0,0,0,0,2,1357.21,0,0,0,0,1357.21,2,Arbitrum
0x6d526f6b4c86fbdc8e359e6bef4cd6a42acea2d7,,,FALSE,,2,0,0,0,0,0,0,0,0,2,1159.391,0,0,1159.391,2,Arbitrum
0x6da0a1784de1abdde1734ba37eca3d560bf044c0,,,FALSE,,2,0,0,0,0,0,0,0,0,2,1159.391,0,0,1159.391,2,Optimism
0x6dab66cd8ccca835fe103585eea869d911b51fbc,Staked,,FALSE,,0,0,0,0,0,0,0,1,678.6051,0,0,0,0,678.6051,1,Arbitrum
0x6de3e46cce02a39d74e55eb8d23e5b175cab882a,,,FALSE,,14,6,0,0,0,0,0,0,0,15.5,8985.281,0,0,8985.281,15.5,Arbitrum
0x6e61a82ab503fa43935a9968e302c32d12f17cba,,,TRUE,,0,28,1,0,0,0,0,1,678.6051,7.25,4202.793,0,0,4881.398,8.25,Arbitrum
0x6e93ebc8302890ff1d1befd779d1db131ef30d4d,Staked,,TRUE,,0,0,0,0,0,0,0,2,1357.21,0,0,0,0,1357.21,2,Arbitrum
0x6f5ba08e5fbf3d8d9bb5ee5c0048bfdf9fab93cd,,,FALSE,,1,0,0,0,0,0,0,0,0,1,579.6956,0,0,579.6956,1,Arbitrum
0x700ce029b0f9d89491321199908e6a46c38e8e9a,,,FALSE,,4,0,0,0,0,0,0,0,0,4,2318.782,0,0,2318.782,4,Arbitrum
0x70144ab8efff2f0be85b052fd8ddeedeae684e53,,,FALSE,,0,0,0,0,0,0,1,0,0,0,0,1,552.571,552.571,1,Arbitrum
0x70e7a6621f4cb3c3e073d0539899f49fc88424c0,Staked,Staked,TRUE,,0,0,0,0,0,0,0,3,2035.815,0,0,0,0,2035.815,3,Arbitrum
0x71455451df7868da52e45f9a3a39852f4ec1b654,,,FALSE,,4,0,0,0,0,0,0,0,0,4,2318.782,0,0,2318.782,4,Arbitrum
0x716722c80757fff31da3f3c392a1736b7cfa3a3e,,,FALSE,,0,0,0,0,0,0,1,0,0,0,0,1,552.571,552.571,1,Arbitrum
0x717f6203d68b8914d2c247548ed093babc1812e3,,,FALSE,,4,0,0,0,0,0,0,0,0,4,2318.782,0,0,2318.782,4,Arbitrum
0x719d46bf5e6fa7bb63025e40d802da2e3a133426,Staked,Staked,FALSE,,4,16,54,0,0,0,0,2,1357.21,21.5,12463.45,0,0,13820.66,23.5,Arbitrum
0x71dae844c951ec67d409007538c26035fe07134a,,,FALSE,,1,0,0,0,0,0,0,0,0,1,579.6956,0,0,579.6956,1,Arbitrum
0x71ecd8ea61bf8187613e741f4a1feece53a89658,,,FALSE,,3,0,0,0,0,0,0,0,0,3,1739.087,0,0,1739.087,3,Optimism
0x72d71ed653005edcbbd3995c80358eaf1a50ad04,,,FALSE,,1,0,0,0,0,0,0,0,0,1,579.6956,0,0,579.6956,1,Arbitrum
0x72da0b8a1b932c8a2cc9dcf8c28642290220aec4,,,FALSE,,0,0,0,0,0,0,1,0,0,0,0,1,552.571,552.571,1,Arbitrum
0x731673f27019661c4a38fc24a72a37b415e737da,,,FALSE,,3,0,0,0,0,0,0,0,0,3,1739.087,0,0,1739.087,3,Arbitrum
0x736dde3e0f5c588ddc53ad7f0f65667c0cca2801,,,TRUE,,3,0,0,0,0,0,0,1,678.6051,3,1739.087,0,0,2417.692,4,Arbitrum
0x73d0270f73b862068654876d6e87c3fbd9a59132,,,FALSE,,2,0,0,0,0,0,0,0,0,2,1159.391,0,0,1159.391,2,Arbitrum
0x7452e7d530078dbd6a2ed65007bea00a4d60f138,,,FALSE,,1,0,0,0,0,0,0,0,0,1,579.6956,0,0,579.6956,1,Arbitrum
0x74df3f79e48220af12c8da4737be2de223836c99,,,FALSE,,5,0,0,0,0,0,0,0,0,5,2898.478,0,0,2898.478,5,Arbitrum
0x753ac33e53a1c56c68668487e45b09488fd0fb26,,,FALSE,,3,0,0,0,0,0,0,0,0,3,1739.087,0,0,1739.087,3,Arbitrum
0x75d4bdbf6593ed463e9625694272a0ff9a6d346f,,,FALSE,,3,0,0,0,0,0,0,0,0,3,1739.087,0,0,1739.087,3,Arbitrum
0x75f58030c190bb4288f56100f0ee49b6eeb4a134,,,TRUE,,0,0,0,0,0,0,0,2,1357.21,0,0,0,0,1357.21,2,Arbitrum
0x75f7a78bf1e7b9fa7afd9d8f197656a8e79598a1,,,FALSE,,3,0,0,0,0,0,0,0,0,3,1739.087,0,0,1739.087,3,Arbitrum
0x764a302ffbbe0320a735701da4791e5f6b22090f,,,FALSE,,2,0,0,0,0,0,0,0,0,2,1159.391,0,0,1159.391,2,Arbitrum
0x76fb1a0ebd7da4e1db53d147c7dfe8eb0c9164f6,,,FALSE,,3,0,0,0,0,0,0,0,0,3,1739.087,0,0,1739.087,3,Arbitrum
0x7701832b38c4af966b4b171b3e15cf8208042a4d,,,FALSE,,3,0,0,0,0,0,2,0,0,3,1739.087,2,1105.142,2844.229,5,Arbitrum
0x770569f85346b971114e11e4bb5f7ac776673469,,,FALSE,,0,0,0,0,0,0,1,0,0,0,0,1,552.571,552.571,1,Arbitrum
0x779e76758b5538084136132bceb6a672cacdb726,,,FALSE,,3,0,0,0,0,0,0,0,0,3,1739.087,0,0,1739.087,3,Arbitrum
0x78503534a5783650a34e65f5c33e232e2e011d86,,,FALSE,,0,0,0,0,0,0,1,0,0,0,0,1,552.571,552.571,1,Arbitrum
0x78b864a7bce3888460ae9793b827ce521ac0d7bf,,,FALSE,,3,1,10,0,0,0,0,2,1357.21,5.75,3333.249,0,0,4690.46,7.75,Arbitrum
0x78c0a25ccc21604b3d117100de7c9523f53236c7,,,FALSE,,0,0,0,0,0,0,1,0,0,0,0,1,552.571,552.571,1,Arbitrum
0x78ebe56bc138069557c89af35eb29023ff31ae2c,,,FALSE,,0,0,0,0,0,0,1,0,0,0,0,1,552.571,552.571,1,Arbitrum
0x7944c8bb84dc36db77a1501b7af9502fc80fc3b1,,,FALSE,,1,0,0,0,0,0,0,0,0,1,579.6956,0,0,579.6956,1,Arbitrum
0x79b1a32ec97537486e75d99850bd56ecfa09d643,,,FALSE,,0,0,0,0,0,0,1,0,0,0,0,1,552.571,552.571,1,Arbitrum
0x79bcb9108d8d3998922fa2ba002f41ed9c4fe673,Staked,Staked,FALSE,,0,0,0,0,0,0,0,2,1357.21,0,0,0,0,1357.21,2,Optimism
0x7ac34681f6aaeb691e150c43ee494177c0e2c183,Staked,,TRUE,,3,0,0,0,0,0,0,2,1357.21,3,1739.087,0,0,3096.297,5,Arbitrum
0x7b4b79c7adb4a7fde8bb3b48b3f133448ce4ddd5,,,FALSE,,0,0,0,0,0,0,1,0,0,0,0,1,552.571,552.571,1,Arbitrum
0x7b7736a2c07c4332ffad45a039d2117ae15e3f66,,,FALSE,,0,0,0,0,0,0,1,0,0,0,0,1,552.571,552.571,1,Arbitrum
0x7b8987d2d73c43a4ee609e0d37ad1319c6632999,,,FALSE,,2,0,0,0,0,0,0,0,0,2,1159.391,0,0,1159.391,2,Arbitrum
0x7b8bb2953fa98a061fefa2dce82bcd50d999d0f5,,,FALSE,,0,0,0,0,0,0,1,0,0,0,0,1,552.571,552.571,1,Arbitrum
0x7bece831cfba324dba85d616ef59a69e07db97c7,,,FALSE,,0,0,0,0,0,0,1,0,0,0,0,1,552.571,552.571,1,Arbitrum
0x7d8e4b2b6a436f55c67a3001c1a9a6a219f3e1d3,,,FALSE,,0,0,0,0,0,0,1,0,0,0,0,1,552.571,552.571,1,Arbitrum
0x7db0a3b33ae8a1142dc72bcee61c5b4f7be09186,,,FALSE,,7,0,0,0,0,0,0,0,0,7,4057.869,0,0,4057.869,7,Arbitrum
0x7dd7fd8acd39e557a6c570965eea2b4008c4dd1c,,,FALSE,,0,0,0,0,0,0,1,0,0,0,0,1,552.571,552.571,1,Optimism
0x7e461d582a6286ec922b5863453d8c19c2aafe8e,,,FALSE,,0,12,6,0,0,0,1,2,1357.21,4.5,2608.63,1,552.571,4518.411,7.5,Arbitrum
0x7ea9b8ba0d889ba42458f657ed27244ad593dfe7,,,FALSE,,0,0,0,0,0,0,1,0,0,0,0,1,552.571,552.571,1,Arbitrum
0x7eb01db53a71b3dec52663d6b216f8f0a48251c9,,,FALSE,,0,0,0,0,0,0,2,0,0,0,0,2,1105.142,1105.142,2,Arbitrum
0x7f2466ae8badee7dc0109edd0b6dde08c432236c,,,FALSE,,0,0,0,0,0,0,1,0,0,0,0,1,552.571,552.571,1,Arbitrum
0x805b350408f28966cb4c9dd497f94b0f845b8a1e,,,FALSE,,1,0,0,0,0,0,0,0,0,1,579.6956,0,0,579.6956,1,Arbitrum
0x8098e5854853bbbbdaf9c82a527365a407132a10,,,FALSE,,1,0,0,0,0,0,0,0,0,1,579.6956,0,0,579.6956,1,Arbitrum
0x8109fc79903d3774e2be28d7c08b780acf5731bb,,,FALSE,,1,0,0,0,0,0,0,0,0,1,579.6956,0,0,579.6956,1,Arbitrum
0x8140629badaa17b24544b3b01d4804c011875d1a,,,FALSE,,1,0,0,0,0,0,0,0,0,1,579.6956,0,0,579.6956,1,Arbitrum
0x8155b89b9eff2ac567cfc4ea4a370dadea748902,,,FALSE,,1,0,0,0,0,0,0,0,0,1,579.6956,0,0,579.6956,1,Arbitrum
0x81b5ec3be3d9339299e56665d8206d4d28ece898,,,FALSE,,0,1,38,0,0,0,0,1,678.6051,9.75,5652.032,0,0,6330.637,10.75,Arbitrum
0x82645bc15fee680963bfe321500d74a053c682ea,,,FALSE,,0,0,0,0,0,0,1,0,0,0,0,1,552.571,552.571,1,Arbitrum
0x82f659531def6e3893aa584ca242ccd338ae1f0e,,,FALSE,,2,0,0,0,0,0,0,0,0,2,1159.391,0,0,1159.391,2,Optimism
0x835fae1cdcf149d0c6b73b04ca82e9376e924a0c,,,FALSE,,3,0,0,0,0,0,0,0,0,3,1739.087,0,0,1739.087,3,Arbitrum
0x83b146c63dd76836df9fbd9a8594c59d2372bdc2,,,FALSE,,1,0,0,0,0,0,0,0,0,1,579.6956,0,0,579.6956,1,Arbitrum
0x83e12f06cb562c16f83e4d9a74bf96717a50664f,,,FALSE,,0,0,0,0,0,0,1,0,0,0,0,1,552.571,552.571,1,Arbitrum
0x841ad0abab2d33520ca236a2f5d8b038addc12ba,,,FALSE,,0,0,0,0,0,0,1,0,0,0,0,1,552.571,552.571,1,Arbitrum
0x8448f455fd23a7d347adc630fd3902443c34117c,,,FALSE,,4,0,0,0,0,0,0,0,0,4,2318.782,0,0,2318.782,4,Optimism
0x84641137bac4db68de94ec3d2ed89ace0aa88f20,,,FALSE,,8,0,0,0,0,0,0,0,0,8,4637.564,0,0,4637.564,8,Arbitrum
0x847eaa8e0a808305b00305da61b875dd2ca3fbac,,,FALSE,,0,0,0,0,0,0,0,2,1357.21,0,0,0,0,1357.21,2,Arbitrum
0x84957e6c9f6ccfed9c35c850c3903732ed90858a,,,FALSE,,0,0,0,0,0,0,2,0,0,0,0,2,1105.142,1105.142,2,Arbitrum
0x84e3e0f568ed68b4f6827fe797444b3d5b1fd8b5,,,FALSE,,0,0,0,0,0,0,1,0,0,0,0,1,552.571,552.571,1,Optimism
0x85c5489f74fe5000ff0701535d9ec8ef49dfe704,,,TRUE,,3,2,39,0,0,0,0,1,678.6051,13.25,7680.966,0,0,8359.571,14.25,Arbitrum
0x860841409a0176729fbcecc74606e90ffc833158,,,FALSE,,0,3,11,0,0,0,0,0,0,3.5,2028.934,0,0,2028.934,3.5,Arbitrum
0x87616fa850c87a78f307878f32d808dad8f4d401,,,TRUE,,0,0,0,0,0,0,0,3,2035.815,0,0,0,0,2035.815,3,Arbitrum
0x879d15d6c06404e798cac7ff74e2fedb562ea1b5,,,FALSE,,3,0,0,0,0,0,0,0,0,3,1739.087,0,0,1739.087,3,Arbitrum
0x8810c24cb020011983215df08c734223791ef19e,,,FALSE,,0,0,0,0,0,0,1,0,0,0,0,1,552.571,552.571,1,Arbitrum
0x88b617d618e3391e8507cfbe3906c20cfc72b43d,,,FALSE,,3,0,0,0,0,0,0,0,0,3,1739.087,0,0,1739.087,3,Optimism
0x88c18570dbc6a281a45d34e0086eb87d5361c4fc,,,FALSE,,1,0,0,0,0,0,0,0,0,1,579.6956,0,0,579.6956,1,Arbitrum
0x88ce2d4fb3cc542f0989d61a1c152fa137486d81,,,TRUE,,0,0,0,0,0,0,0,2,1357.21,0,0,0,0,1357.21,2,Arbitrum
0x894d8502aa32714b2ec0ea6956f26fae3dd2a551,,,FALSE,,4,0,0,0,0,0,0,0,0,4,2318.782,0,0,2318.782,4,Arbitrum
0x89586787c8bc942478f4041b3e2cdc56fded5911,,,FALSE,,0,0,0,0,0,0,1,0,0,0,0,1,552.571,552.571,1,Arbitrum
0x898ae85154edf810b240c7aa787497d1b097e74f,,,FALSE,,1,0,0,0,0,0,0,0,0,1,579.6956,0,0,579.6956,1,Arbitrum
0x899b2d61a5943dd2452cbc9ff5d158c63a2275dd,,,FALSE,,0,0,0,0,0,0,1,0,0,0,0,1,552.571,552.571,1,Arbitrum
0x89d394418ee349d26aef5d0a3b9e3378f0cca16d,,,FALSE,,0,0,0,0,0,0,0,1,678.6051,0,0,0,0,678.6051,1,Arbitrum
0x8b291f8e02926feb062c6aa8822b1fa4e64eb3d5,,,FALSE,,1,0,0,0,0,0,0,0,0,1,579.6956,0,0,579.6956,1,Optimism
0x8b46c65cea244b045e0c076b3b3e502b3ab62d25,Staked,,FALSE,,3,0,0,0,0,0,0,1,678.6051,3,1739.087,0,0,2417.692,4,Optimism
0x8bb18f1eeb8d170f4edfe2c5d008986171b4e572,Staked,Staked,FALSE,,0,8,0,0,0,0,0,2,1357.21,2,1159.391,0,0,2516.601,4,Arbitrum
0x8bf64312be1d4e502dcc0533d5cadf0a4f8d551e,,,FALSE,,2,0,0,0,0,0,0,0,0,2,1159.391,0,0,1159.391,2,Optimism
0x8c0e1c1b7ca56cbf74b88de1c07e0a7216ee90b6,,,FALSE,,0,0,0,0,0,0,1,0,0,0,0,1,552.571,552.571,1,Arbitrum
0x8c75d3585a21c21bb62cc255836d6531bd948f1a,,,FALSE,,1,0,0,0,0,0,0,0,0,1,579.6956,0,0,579.6956,1,Arbitrum
0x8cbf7a00de4327f173c2a83ff8a6ff63ddadbcf2,,,FALSE,,0,0,0,0,0,0,1,0,0,0,0,1,552.571,552.571,1,Arbitrum
0x8cd9f9c08c6a3f891bc570f1d6a3dc91c1f62bb0,,,TRUE,,3,0,0,0,0,0,0,3,2035.815,3,1739.087,0,0,3774.902,6,Arbitrum
0x8ce17ff2c7376e9adfe9c63c47a801097fa6c525,,,FALSE,,0,0,0,0,0,0,1,0,0,0,0,1,552.571,552.571,1,Optimism
0x8ceb9779b4ae9374d13f612b3eb440fdac8fd6c2,,,FALSE,,0,0,0,0,0,0,1,0,0,0,0,1,552.571,552.571,1,Arbitrum
0x8d138c01765483cb79d787ce5933f609cbfdabcf,,,FALSE,,3,0,0,0,0,0,0,0,0,3,1739.087,0,0,1739.087,3,Arbitrum
0x8d5ba014b9341d7736ff3cac0e4edc6785a9a29a,,,FALSE,,0,0,0,0,0,0,1,0,0,0,0,1,552.571,552.571,1,Arbitrum
0x8e1343508cba64eb1ae15c17182685b4e38f37e1,,,FALSE,,0,0,0,0,0,0,1,0,0,0,0,1,552.571,552.571,1,Arbitrum
0x8e6136ce3572d5c9be30b06b0bc1838f36a16f21,,,FALSE,,3,0,0,0,0,0,0,0,0,3,1739.087,0,0,1739.087,3,Optimism
0x8edb046b1dcaa1222d4779eb814c15f2f358f6b7,,,FALSE,,0,0,0,0,0,0,1,0,0,0,0,1,552.571,552.571,1,Arbitrum
0x8f4115a174b5d669f8c78cdf460a0a0be3747c30,,,TRUE,,0,0,0,0,0,0,1,1,678.6051,0,0,1,552.571,1231.176,2,Optimism
0x8f9be4310f9abb0e5843cc6363908c9b01dfeb3f,Staked,Staked,TRUE,,0,0,0,0,0,0,1,3,2035.815,0,0,1,552.571,2588.386,4,Arbitrum
0x902fe20bdd1769a14e7c92a0fe7bbb1db1935af7,,,FALSE,,3,0,0,0,0,0,0,0,0,3,1739.087,0,0,1739.087,3,Arbitrum
0x90386491af160c384e8297a5289190d3a8d22a6f,,,FALSE,,1,0,0,0,0,0,0,0,0,1,579.6956,0,0,579.6956,1,Arbitrum
0x905f7b17dd7d8de1df49201ba83932c2d2e70f13,,,FALSE,,3,0,0,0,0,0,0,0,0,3,1739.087,0,0,1739.087,3,Arbitrum
0x9074bc544768423c0d9c9a109c0063cd3bb1f810,,,FALSE,,0,0,0,0,0,0,0,1,678.6051,0,0,0,0,678.6051,1,Arbitrum
0x91400be76b7171cf932ae252390d2b60e2c73013,,,FALSE,,0,0,0,0,0,0,1,0,0,0,0,1,552.571,552.571,1,Arbitrum
0x9223239816b1c923f610dbe27d4ca3046e462c58,,,FALSE,,0,0,0,0,0,0,0,1,678.6051,0,0,0,0,678.6051,1,Arbitrum
0x93146d9978d286ee085ba68ee1786a0b6eda64ec,,,FALSE,,0,0,0,0,0,0,1,0,0,0,0,1,552.571,552.571,1,Arbitrum
0x938bf2b8a7e40472d846e50b8ffe763a0fc749d4,,,FALSE,,2,0,0,0,0,0,0,0,0,2,1159.391,0,0,1159.391,2,Arbitrum
0x9462881d61b9379ee4fff783c2bd8ac80d945aaf,,,FALSE,,3,0,0,0,0,0,0,0,0,3,1739.087,0,0,1739.087,3,Arbitrum
0x95011b346420127a6c132da9156b53e731206f95,,,FALSE,,0,0,0,0,0,0,1,0,0,0,0,1,552.571,552.571,1,Arbitrum
0x951214038a220fbdf9803db3dffeb97b12d12314,,,FALSE,,0,1,43,0,0,0,0,0,0,11,6376.651,0,0,6376.651,11,Arbitrum
0x9521f89054b27167263053651352a007d4ff4855,,,FALSE,,0,0,0,0,0,0,0,1,678.6051,0,0,0,0,678.6051,1,Arbitrum
0x9545d4a659ea0815ee65a12a41be73728d9942e1,,,FALSE,,3,0,0,0,0,0,0,0,0,3,1739.087,0,0,1739.087,3,Arbitrum
0x9568f75d7595193808c5c801fea6aeaba2ef1630,,,FALSE,,0,0,0,0,0,0,0,1,678.6051,0,0,0,0,678.6051,1,Arbitrum
0x962de35217e9d4d0d79e8106a3d5ea121fe71685,,,FALSE,,0,0,0,0,0,0,1,0,0,0,0,1,552.571,552.571,1,Arbitrum
0x96438be35c15c57622af3e05f148f71b903e9baf,,,FALSE,,0,0,0,0,0,0,1,0,0,0,0,1,552.571,552.571,1,Arbitrum
0x96ae65b7a604e1528c1076edf31825bc30f621cd,,,FALSE,,3,0,0,0,0,0,0,0,0,3,1739.087,0,0,1739.087,3,Arbitrum
0x96bcf8a9b2e9de1fc74d9acfdf467b9bc50655fd,,,FALSE,,4,0,0,0,0,0,0,0,0,4,2318.782,0,0,2318.782,4,Arbitrum
0x97130cd06502d16204e9f30c037c1bce80a401d1,,,FALSE,,0,0,0,0,0,0,1,0,0,0,0,1,552.571,552.571,1,Arbitrum
0x97263302056c9d2f708153c0aeee7b7fe5ebec93,,,FALSE,,0,0,0,0,0,0,1,0,0,0,0,1,552.571,552.571,1,Arbitrum
0x97ca60a08b2d2c38f14ab18fca6d77457dda0eae,,,FALSE,,0,15,12,0,0,1,0,0,0,6.75,3912.945,10,5525.71,9438.655,16.75,Optimism
0x98ccf605c43a0bf9d6795c3cf3b5fed836330511,,,FALSE,,7,0,0,0,0,0,0,0,0,7,4057.869,0,0,4057.869,7,Arbitrum
0x995a5f53682d5d65f92589e8fab8eb474a3c9b90,,,FALSE,,0,2,10,0,0,0,0,0,0,3,1739.087,0,0,1739.087,3,Arbitrum
0x99663f821ef03e31c495675e7dc114be86e6f6b5,,,FALSE,,0,5,10,0,0,0,0,0,0,3.75,2173.858,0,0,2173.858,3.75,Arbitrum
0x99791218f4888e959fb8a27e8255dd78da5810c2,,,FALSE,,1,0,0,0,0,0,0,0,0,1,579.6956,0,0,579.6956,1,Arbitrum
0x99b7bbe8c39dac8eb68dc066b72a6e5a5dd84d30,,,FALSE,,1,0,0,0,0,0,0,0,0,1,579.6956,0,0,579.6956,1,Arbitrum
0x99e4a442d9c348476feb7d8e7d5133a0804687c6,,,FALSE,,0,0,0,0,0,0,0,1,678.6051,0,0,0,0,678.6051,1,Arbitrum
0x99fa48ccea8a38cde6b437450ff9bbddafaa4fc8,,,FALSE,,0,0,0,0,0,0,1,0,0,0,0,1,552.571,552.571,1,Arbitrum
0x9aaf05c19dea7b85ec4cd3a5bd2b198e56c7e56e,,,FALSE,,1,0,0,0,0,0,0,0,0,1,579.6956,0,0,579.6956,1,Arbitrum
0x9addbaab4ceb0dd829c6d8ea5ade0962e1de1a4b,,,FALSE,,0,20,0,0,0,0,0,0,0,5,2898.478,0,0,2898.478,5,Arbitrum
0x9aed1833028f064facc051cea2f19cf74e3297fb,,,FALSE,,4,0,0,0,0,0,0,0,0,4,2318.782,0,0,2318.782,4,Optimism
0x9aefaf87d679b2d72ced573987470f4928d7b704,,,FALSE,,1,0,0,0,0,0,0,0,0,1,579.6956,0,0,579.6956,1,Arbitrum
0x9afd2bb60417739f4865f61388e074b24db12b98,,,FALSE,,0,0,0,0,0,0,0,1,678.6051,0,0,0,0,678.6051,1,Arbitrum
0x9b46663935761dc6fe12743a9be40fdc1ae74bc4,,,FALSE,,0,0,0,0,0,0,0,1,678.6051,0,0,0,0,678.6051,1,Optimism
0x9bccd7453550cc6d7bec5f62bdd2b3d9de193e84,,Staked,TRUE,,0,0,0,0,0,0,0,2,1357.21,0,0,0,0,1357.21,2,Arbitrum
0x9be5eaf21e85e6d7fdc2f24fc53774317053230a,,,FALSE,,0,0,0,0,0,0,1,0,0,0,0,1,552.571,552.571,1,Arbitrum
0x9be8e4e9d4a68bbdaa8decae9f728ed50599be7c,,,FALSE,,0,0,0,0,0,0,1,0,0,0,0,1,552.571,552.571,1,Optimism
0x9d7cd569f1f47c903515bc078279e697542f14b3,,,FALSE,,0,0,0,0,0,0,1,0,0,0,0,1,552.571,552.571,1,Arbitrum
0x9dbd064273b86f740cf537d199728a08db1054f3,,,FALSE,,1,0,0,0,0,0,0,0,0,1,579.6956,0,0,579.6956,1,Arbitrum
0x9df335c0a8d4a2ac50f8ffe8cdcdb74438c66669,,,FALSE,,1,0,0,0,0,0,0,0,0,1,579.6956,0,0,579.6956,1,Arbitrum
0x9e0bba8e7e9194476f1b3d329ae7f988f580da3a,,,TRUE,,0,0,0,0,0,0,1,1,678.6051,0,0,1,552.571,1231.176,2,Arbitrum
0x9e353fbdc3ec7290290bda31a8001cb609858adf,,,FALSE,,0,0,0,0,0,0,0,1,678.6051,0,0,0,0,678.6051,1,Arbitrum
0x9e59cecdb60901e7034129b1f2264f5472dbf751,,,FALSE,,1,0,0,0,0,0,0,0,0,1,579.6956,0,0,579.6956,1,Arbitrum
0x9ee73ec148b8f68da65598ebb497f1e7e9957219,,,FALSE,,1,0,0,0,0,0,0,0,0,1,579.6956,0,0,579.6956,1,Arbitrum
0x9eed555a7b54471a0808cec8d176980323674bc8,,,FALSE,,0,0,0,0,0,0,1,0,0,0,0,1,552.571,552.571,1,Arbitrum
0x9eff5b715d0e2c0ecdacb029c742dd516a751213,,,FALSE,,0,0,0,0,0,0,1,0,0,0,0,1,552.571,552.571,1,Optimism
0x9f36a6bb398118bdcd5b1bc3343d8feb6d7d02b9,,,FALSE,,0,0,0,0,0,0,1,0,0,0,0,1,552.571,552.571,1,Arbitrum
0x9fb622b200d7403be7c596164018fc7f39ab1536,,,FALSE,,1,0,0,0,0,0,0,0,0,1,579.6956,0,0,579.6956,1,Arbitrum
0x9fc7eeacd27d38a436462bb43ad97e49106820d7,,,FALSE,,0,0,0,0,0,0,1,0,0,0,0,1,552.571,552.571,1,Arbitrum
0x9fecf056375a973308bb3d6fb6b1c230cfd21456,,,FALSE,,23,0,10,0,0,0,0,0,0,25.5,14782.24,0,0,14782.24,25.5,Arbitrum
0x9fed0b1b2326ecf1b75412481f5aad84b6d3d682,,,FALSE,,1,0,0,0,0,0,0,0,0,1,579.6956,0,0,579.6956,1,Arbitrum
0xa0768b454fc4ae5fa7885cfcb379706be6b1633b,,,FALSE,,1,0,0,0,0,0,0,0,0,1,579.6956,0,0,579.6956,1,Arbitrum
0xa1f388f9d0201f80bd2fd5b1100c0976bbbf3864,,,FALSE,,2,0,0,0,0,0,0,0,0,2,1159.391,0,0,1159.391,2,Arbitrum
0xa22bd9c8b6810ae567d52f6e8e12da68cd809bae,,,FALSE,,0,93,65,0,0,0,0,0,0,39.5,22897.97,0,0,22897.97,39.5,Arbitrum
0xa24009a666a0ca097353c392256220a1f5f68c13,,,FALSE,,0,1,11,0,0,0,0,2,1357.21,3,1739.087,0,0,3096.297,5,Arbitrum
0xa2e7002e0ffc42e4228292d67c13a81fdd191870,,,FALSE,,0,0,0,0,0,0,1,0,0,0,0,1,552.571,552.571,1,Arbitrum
0xa2e9ec27b948d85b11f7935728cb68e11d73d8fd,,,FALSE,,2,0,0,0,0,0,0,0,0,2,1159.391,0,0,1159.391,2,Arbitrum
0xa31545e5f7d4ec0fabf76005064b0577fa0680a3,,,FALSE,,4,0,0,0,0,0,0,0,0,4,2318.782,0,0,2318.782,4,Arbitrum
0xa31c2232842e631ccb2d2e4110b356bab21e6020,,,FALSE,,0,0,0,0,0,0,2,0,0,0,0,2,1105.142,1105.142,2,Arbitrum
0xa3953352beab67861e5a7fff47f36611a1ff5335,,,FALSE,,0,0,0,0,0,0,0,1,678.6051,0,0,0,0,678.6051,1,Arbitrum
0xa3e51498579db0f7bb1ec9e3093b2f44158e25a5,,,FALSE,,4,3,2,0,0,0,0,0,0,5.25,3043.402,0,0,3043.402,5.25,Optimism
0xa40dbde8356be5929c8ea9d27368c1bd515ec7b0,,,FALSE,,0,0,0,0,0,0,1,0,0,0,0,1,552.571,552.571,1,Arbitrum
0xa4e84fc34cc686d8565b1ed22f4a019752875bc1,,,FALSE,,1,0,0,0,0,0,0,0,0,1,579.6956,0,0,579.6956,1,Arbitrum
0xa4f57f532a383c8ee3af9c9e47f46e1d5863dbc3,,,FALSE,,1,0,0,0,0,0,0,0,0,1,579.6956,0,0,579.6956,1,Arbitrum
0xa58afd84683db3ed63317636c94c82774526006a,,,FALSE,,1,0,0,0,0,0,0,0,0,1,579.6956,0,0,579.6956,1,Arbitrum
0xa58b4a80de82b889ff40e487c58208a429c77f88,,,FALSE,,3,0,0,0,0,0,0,0,0,3,1739.087,0,0,1739.087,3,Arbitrum
0xa5c3a513645a9a00cb561fed40438e9dfe0d6a69,,,FALSE,enlisted,0,0,0,0,0,2,7,1,678.6051,0,0,27,14919.42,15598.02,28,Optimism
0xa5c6e658ecb0392bb290b9c46556d2aa4dd23615,,,FALSE,,4,0,0,0,0,0,0,0,0,4,2318.782,0,0,2318.782,4,Optimism
0xa6a2b356718faf8cce70e78f06712f1ce5917d04,,,FALSE,,1,0,0,0,0,0,0,0,0,1,579.6956,0,0,579.6956,1,Arbitrum
0xa743fe8381f3950571564e7e8a59456cd1cb6104,,,FALSE,,1,0,0,0,0,0,0,0,0,1,579.6956,0,0,579.6956,1,Arbitrum
0xa74e65f8bee81a717de22cc49d798caa11fb494a,,,FALSE,,0,0,0,0,0,0,1,0,0,0,0,1,552.571,552.571,1,Arbitrum
0xa7d763bc1e788904f2e20b91d3c51e47524ba189,,,FALSE,,0,0,0,0,0,0,1,0,0,0,0,1,552.571,552.571,1,Arbitrum
0xa7d7ac8fe7e8693b5599c69cc7d4f6226677845b,,Staked,FALSE,,6,1,0,0,0,0,0,1,678.6051,6.25,3623.097,0,0,4301.702,7.25,Arbitrum
0xa867f01382bddb3bc9525d1151c96c42f4d6d4bc,,,FALSE,,1,0,0,0,0,0,0,0,0,1,579.6956,0,0,579.6956,1,Arbitrum
0xa892744bef21efe19540372fa9e612c27bebb841,,,FALSE,,0,1,15,0,0,0,0,0,0,4,2318.782,0,0,2318.782,4,Arbitrum
0xa915be4b339307de39de6f7d5a8ca1644b230c4e,Staked,Staked,TRUE,,0,0,0,0,0,0,0,3,2035.815,0,0,0,0,2035.815,3,Optimism
0xa9369d576cd73ec101f6fc3130693516a1b01974,,,FALSE,,1,0,0,0,0,0,0,0,0,1,579.6956,0,0,579.6956,1,Arbitrum
0xa94b40c53432f0576e64873ce1cead1aae62fc90,,,TRUE,,0,0,0,0,0,0,1,1,678.6051,0,0,1,552.571,1231.176,2,Arbitrum
0xa9f078b3b6dd6c04308f19def394b6d5a1b8b732,,,FALSE,,5,0,0,0,0,0,0,0,0,5,2898.478,0,0,2898.478,5,Arbitrum
0xaa1c2195f2d7ec7d2683fcec2c54445a16adba93,,,FALSE,,3,0,0,0,0,0,0,1,678.6051,3,1739.087,0,0,2417.692,4,Optimism
0xaa55b756cc30eebb2728fe5d43d334625e0a0b4c,,,FALSE,,0,0,0,0,0,0,1,0,0,0,0,1,552.571,552.571,1,Arbitrum
0xab02469559a8a4ac1131c99b018f4a9314f12c06,,,TRUE,,0,0,0,0,0,0,0,3,2035.815,0,0,0,0,2035.815,3,Arbitrum
0xab769309ebceeda984e666ab727b36211ba02a8a,,,FALSE,,0,0,0,0,0,0,1,0,0,0,0,1,552.571,552.571,1,Arbitrum
0xabd7d0eb66fce4bace4659554277f6f52f5598ba,,,FALSE,,3,0,0,0,0,0,0,0,0,3,1739.087,0,0,1739.087,3,Arbitrum
0xabdb1f94bff885bd8933ac4f8aaacda4326491de,,,FALSE,,0,0,0,0,0,0,1,0,0,0,0,1,552.571,552.571,1,Arbitrum
0xac1b80e06f970879bfb8f2b92b59442593f332b6,,,FALSE,,3,0,0,0,0,0,0,0,0,3,1739.087,0,0,1739.087,3,Arbitrum
0xac46dac5c58bf33a216a0b756bfb9b3d86407f97,,,FALSE,,4,0,0,0,0,0,0,0,0,4,2318.782,0,0,2318.782,4,Optimism
0xacf4c2950107ef9b1c37faa1f9a866c8f0da88b9,,,FALSE,,0,0,0,1,0,0,1,0,0,1,579.6956,1,552.571,1132.267,2,Arbitrum
0xad16ebe6ffc7d96624a380f394cd64395b0c6144,,,FALSE,,0,1,0,0,0,0,0,0,0,0.25,144.9239,0,0,144.9239,0.25,Arbitrum
0xad23478e425de2c32764505d24619a7a38a4ae22,,,FALSE,,1,0,0,0,0,0,0,0,0,1,579.6956,0,0,579.6956,1,Arbitrum
0xad7a185b2456d5afd85838a50c7d8ace3ab2f871,,,FALSE,,0,0,0,0,0,0,1,0,0,0,0,1,552.571,552.571,1,Arbitrum
0xae0255dea4d7a801cfb110882395c6d3dfc06bde,,,FALSE,,1,0,0,0,0,0,0,0,0,1,579.6956,0,0,579.6956,1,Arbitrum
0xae653682dee958914a82c9628de794dcbbee3d04,,,TRUE,,0,0,0,0,0,0,0,3,2035.815,0,0,0,0,2035.815,3,Arbitrum
0xaee33d473c68f9b4946020d79021416ff0587005,,,FALSE,,3,0,0,0,0,0,1,0,0,3,1739.087,1,552.571,2291.658,4,Arbitrum
0xaf0f0b5c4110df25ab46dd9f025084229a9f8352,,,FALSE,,2,4,0,0,0,0,0,1,678.6051,3,1739.087,0,0,2417.692,4,Arbitrum
0xaf1bff74708098db603e48aaebec1bbae03dcf11,,,FALSE,,4,0,0,0,0,0,0,0,0,4,2318.782,0,0,2318.782,4,Arbitrum
0xaf3b683910ee9184c4b3f449155f8ccbb6137567,,,FALSE,,1,0,0,0,0,0,0,0,0,1,579.6956,0,0,579.6956,1,Arbitrum
0xafd0770b7539db98f9b85736a2ccbd3a229c78a4,,,FALSE,,0,0,0,0,0,0,0,1,678.6051,0,0,0,0,678.6051,1,Optimism
0xafe2b51592b89095a4cfb18da2b5914b528f4c01,,,FALSE,,0,0,0,0,0,0,1,0,0,0,0,1,552.571,552.571,1,Arbitrum
0xb03f5438f9a243de5c3b830b7841ec315034cd5f,,,FALSE,,0,0,0,0,0,0,1,0,0,0,0,1,552.571,552.571,1,Arbitrum
0xb0e4352a950d6294614fd55cabc61efd839ea558,,,FALSE,,1,0,0,0,0,0,0,0,0,1,579.6956,0,0,579.6956,1,Arbitrum
0xb109e15bb4f808e8cb64aad7d1e4588e0a1f4608,,,FALSE,,3,0,0,0,0,0,0,0,0,3,1739.087,0,0,1739.087,3,Arbitrum
0xb10a17fa1bd936f1058d9eab01a742a7b60272d0,,,TRUE,,3,0,0,0,0,0,0,1,678.6051,3,1739.087,0,0,2417.692,4,Arbitrum
0xb10be5cbbf9655ed3648184ade56d3b4d6cedd4f,,,FALSE,,0,0,0,0,0,0,1,0,0,0,0,1,552.571,552.571,1,Arbitrum
0xb10c772ba9c1c30b9c8dd34574ebeaa848b10c77,,,FALSE,,1,0,0,0,0,0,0,0,0,1,579.6956,0,0,579.6956,1,Arbitrum
0xb1328907b14700379905d6d733fb0b31e46f3d62,,,FALSE,,0,0,0,0,0,0,1,0,0,0,0,1,552.571,552.571,1,Optimism
0xb158572fc732ab7f4b3616871840726abc6a8015,,,FALSE,,1,0,0,0,0,0,0,0,0,1,579.6956,0,0,579.6956,1,Arbitrum
0xb19edfb5ee9896637227cb61a4eaeadb2cba49d1,,,FALSE,,0,0,0,0,0,0,1,0,0,0,0,1,552.571,552.571,1,Optimism
0xb1f72d694711fce55c62ea97bd3739ff11cef986,,,FALSE,,0,0,0,0,0,0,1,0,0,0,0,1,552.571,552.571,1,Arbitrum
0xb246275ab015cd3a62ad46b992b92e4e2ee10df9,,,FALSE,,1,0,0,0,0,0,0,0,0,1,579.6956,0,0,579.6956,1,Arbitrum
0xb247a77d45b9afd9e1d125891fbe932ed4132e55,,,FALSE,,0,0,0,0,0,0,1,0,0,0,0,1,552.571,552.571,1,Arbitrum
0xb26b91763e7ad3d583d0acd6d2d80e125becfaae,,,FALSE,,1,0,0,0,0,0,0,0,0,1,579.6956,0,0,579.6956,1,Arbitrum
0xb3313b023e68cda95d7b625200e1b0fe6335a0c2,,,FALSE,,0,0,0,0,0,0,1,0,0,0,0,1,552.571,552.571,1,Arbitrum
0xb3abc96cb9a61576c03c955d75b703a890a14aa0,,,FALSE,,0,0,0,0,0,0,0,2,1357.21,0,0,0,0,1357.21,2,Arbitrum
0xb3cf3a3f632ab8a37ed2d628a1fc6f4a43f1c677,,,FALSE,,1,0,0,0,0,0,0,0,0,1,579.6956,0,0,579.6956,1,Arbitrum
0xb3fb91ed9d93b89428fbdd618cb3b135174795d9,,,FALSE,,0,0,0,0,0,0,0,2,1357.21,0,0,0,0,1357.21,2,Arbitrum
0xb423973fb9e26dc8b02e9273928417a2da0e0e0e,,,FALSE,,0,0,0,0,0,0,1,0,0,0,0,1,552.571,552.571,1,Optimism
0xb42573ddb86b68429c8f791ed0f2b79d2ca95588,,,FALSE,,0,0,0,0,0,0,1,0,0,0,0,1,552.571,552.571,1,Arbitrum
0xb43a03a66c0c66268aa5ba25df0b8d9c62138a10,,,FALSE,,1,0,0,0,0,0,0,0,0,1,579.6956,0,0,579.6956,1,Optimism
0xb49753932957f774aa0c7af29cfa9267f87ffbc7,,,FALSE,,0,4,53,0,0,0,0,0,0,14.25,8260.662,0,0,8260.662,14.25,Arbitrum
0xb5916a124e3eb106ba5bcd653d76932d34d0badd,,,FALSE,,0,0,0,0,0,0,1,0,0,0,0,1,552.571,552.571,1,Arbitrum
0xb5dc07e23308ec663e743b1196f5a5569e4e0555,,,FALSE,,0,0,11,0,0,0,1,0,0,2.75,1594.163,1,552.571,2146.734,3.75,Arbitrum
0xb5fef8e426269bc80f8acae2906dea8d5f329cdd,,,FALSE,,0,0,0,0,0,0,1,0,0,0,0,1,552.571,552.571,1,Arbitrum
0xb6da9e22bfb5c4d5fef69b936817e9a44866b1d1,,,FALSE,,0,0,0,0,0,0,0,1,678.6051,0,0,0,0,678.6051,1,Arbitrum
0xb72ca7ee0aa8ad85a4ffd2873baca90bbf85c1c4,,,FALSE,,0,0,0,0,0,0,0,2,1357.21,0,0,0,0,1357.21,2,Arbitrum
0xb7a31346433430d92846f0181c55fc506b9b22d8,,,FALSE,,1,0,0,0,0,0,0,0,0,1,579.6956,0,0,579.6956,1,Arbitrum
0xb92f6e68bc67c2645b990438facc7645ad23896a,,,FALSE,,0,0,0,0,0,0,1,0,0,0,0,1,552.571,552.571,1,Arbitrum
0xb9395ceab59a1bc6d089bf934170d6b44a6f0be2,,,FALSE,,1,0,0,0,0,0,0,0,0,1,579.6956,0,0,579.6956,1,Arbitrum
0xb941f9b7566e7108332a9ec187d222a1cc05e422,,,FALSE,,3,0,0,0,0,0,0,0,0,3,1739.087,0,0,1739.087,3,Optimism
0xb9801179368231ca11b1f93acb5395c2bcd31998,,,FALSE,,0,0,0,0,0,0,1,0,0,0,0,1,552.571,552.571,1,Arbitrum
0xb98b88a09998b596648f41a4a27d0237eda58ba6,,,FALSE,,1,0,0,0,0,0,0,0,0,1,579.6956,0,0,579.6956,1,Arbitrum
0xb98c9ced420a137d3def9c62d99dde55d4d8879f,,,FALSE,,1,0,0,0,0,0,0,0,0,1,579.6956,0,0,579.6956,1,Arbitrum
0xb9b8ef61b7851276b0239757a039d54a23804cbb,,,FALSE,,3,0,0,0,0,0,0,0,0,3,1739.087,0,0,1739.087,3,Arbitrum
0xb9be40bdec31ec3935830acc8bcaad1a431f8bb0,,,FALSE,,0,0,0,0,0,0,1,0,0,0,0,1,552.571,552.571,1,Arbitrum
0xb9cdf9c22f204118af35d3293fe57a356dd9c8c8,,,FALSE,,1,0,0,0,0,0,0,0,0,1,579.6956,0,0,579.6956,1,Arbitrum
0xba0111f5ec1b6f2f092e9730f5f64840f3b42c95,,,FALSE,enlisted,0,0,0,0,0,0,0,1,678.6051,0,0,0,0,678.6051,1,Arbitrum
0xba12110198f2127eb1c724ccf7f38af4468b7c1e,,,FALSE,,0,0,0,0,0,0,1,0,0,0,0,1,552.571,552.571,1,Arbitrum
0xba15e4b3de40a30ab1f8475073b2912c65fc0c46,,,FALSE,,0,0,0,0,0,1,1,0,0,0,0,11,6078.281,6078.281,11,Arbitrum
0xbaa32387bd55553ec806622d524b12bbb8242a19,,,FALSE,,0,0,0,0,0,0,0,1,678.6051,0,0,0,0,678.6051,1,Arbitrum
0xbb79f76c92c2b3e7ffd5095a91dfdf06932558d5,,,FALSE,,1,0,0,0,0,0,0,0,0,1,579.6956,0,0,579.6956,1,Arbitrum
0xbc9a9fe486e471f33d68b442e699add34a8d1689,,,FALSE,,1,0,0,0,0,0,0,0,0,1,579.6956,0,0,579.6956,1,Arbitrum
0xbcb4c8386c097589e7825aaeb9e7c6295835f1d6,,,TRUE,,0,0,0,0,0,0,0,1,678.6051,0,0,0,0,678.6051,1,Arbitrum
0xbd2c1b24fb52d272c339e2a01496cc79eeb46726,,,FALSE,,3,0,0,0,0,0,0,0,0,3,1739.087,0,0,1739.087,3,Optimism
0xbdfc087a5c32f6b6e425697c1a19a10e378136ee,,,FALSE,,2,0,0,0,0,0,0,0,0,2,1159.391,0,0,1159.391,2,Arbitrum
0xbe0284a4a260df4c58eec491d41995ceee3fac58,,,FALSE,,0,0,0,0,0,0,1,0,0,0,0,1,552.571,552.571,1,Optimism
0xbe4feae32210f682a41e1c41e3eaf4f8204cd29e,,,FALSE,,0,0,0,0,0,0,1,0,0,0,0,1,552.571,552.571,1,Optimism
0xbea0ead2e37aa29358595f5ae6a81ccbcdedee4f,,,FALSE,,9,0,0,0,0,0,0,0,0,9,5217.26,0,0,5217.26,9,Arbitrum
0xbefdd1a4321efb44b698afe45e0cb467ba9495d5,,,FALSE,,1,0,0,0,0,0,0,0,0,1,579.6956,0,0,579.6956,1,Arbitrum
0xc006966e446892b8ebd2b378c4fdcc081ad42c10,,,FALSE,,1,0,0,0,0,0,0,0,0,1,579.6956,0,0,579.6956,1,Arbitrum
0xc080324f33d5a591bfb7e7d504e62d20c7ebac48,,,FALSE,,1,0,0,0,0,0,0,0,0,1,579.6956,0,0,579.6956,1,Arbitrum
0xc111b4b681ce97c21b166b67cd3c4e63a1325e77,,,FALSE,,2,0,0,0,0,0,0,0,0,2,1159.391,0,0,1159.391,2,Arbitrum
0xc13456a34305e9265e907f70f76b1ba6e2055c8b,,,FALSE,,0,0,0,0,0,0,1,0,0,0,0,1,552.571,552.571,1,Arbitrum
0xc18ac53ebdbc65be104a70570f8fdb3dcc08079f,,,FALSE,,1,0,0,0,0,0,0,0,0,1,579.6956,0,0,579.6956,1,Arbitrum
0xc1f3ebe56fe3a32adac585e7379882cf0e5a6d87,,,FALSE,,3,0,0,0,0,0,0,1,678.6051,3,1739.087,0,0,2417.692,4,Arbitrum
0xc2a1db4cf8319e11e0851a912927ec46c1c58b17,,Staked,FALSE,,3,0,0,0,0,0,0,1,678.6051,3,1739.087,0,0,2417.692,4,Arbitrum
0xc2fe1d486b10aa2083e9e6c80fec25ff6ebe9e12,,,FALSE,,1,0,0,0,0,0,0,0,0,1,579.6956,0,0,579.6956,1,Arbitrum
0xc31251527da8029370a6be8a80c4b18a96cccf97,,,FALSE,,1,0,0,0,0,0,0,0,0,1,579.6956,0,0,579.6956,1,Arbitrum
0xc33f25e3a49e52eb37ba89c70d883d452b1fb76b,,,FALSE,,1,0,0,0,0,0,0,0,0,1,579.6956,0,0,579.6956,1,Arbitrum
0xc391791ecbb9b8cccc9e708fc847e941af8025b2,,,FALSE,,0,6,23,0,0,0,0,0,0,7.25,4202.793,0,0,4202.793,7.25,Arbitrum
0xc3bb5f9c28f7df628c20ce447ad4a8251f338482,,,FALSE,,1,0,0,0,0,0,0,0,0,1,579.6956,0,0,579.6956,1,Arbitrum
0xc4183eb94164c5e7a3a5d5bcf70fcd6e7adc5f75,,,FALSE,,2,0,0,0,0,0,0,0,0,2,1159.391,0,0,1159.391,2,Arbitrum
0xc51447ad3b831dfc5603b92bfa46a06637250851,,,FALSE,,7,0,0,0,0,0,0,0,0,7,4057.869,0,0,4057.869,7,Optimism
0xc58fc00860796fade2eab9e5b761f4855374cd39,,,FALSE,,0,0,0,0,0,0,0,2,1357.21,0,0,0,0,1357.21,2,Optimism
0xc5f459cf3d0326c33b3acfabcbfe49e47aaf5c44,,,FALSE,,1,0,0,0,0,0,0,0,0,1,579.6956,0,0,579.6956,1,Arbitrum
0xc61288821b4722ce29249f0ba03b633f0be46a5a,,,FALSE,,1,0,0,0,0,0,0,0,0,1,579.6956,0,0,579.6956,1,Optimism
0xc67c11d0bed08193dfb5021cf3db74c86fed5f55,Staked,,FALSE,,0,0,0,0,0,0,0,1,678.6051,0,0,0,0,678.6051,1,Arbitrum
0xc72d57b880a988d120141f09328f7daef527a8b0,,,FALSE,,0,0,0,0,0,0,0,1,678.6051,0,0,0,0,678.6051,1,Arbitrum
0xc7433d4ff9be3a82edd4a73688588971f64f463e,,,FALSE,,0,0,0,0,0,0,0,1,678.6051,0,0,0,0,678.6051,1,Optimism
0xc7cffb264c3793c40e77b1575bb55004c78588a8,,,FALSE,,0,0,0,0,0,0,1,0,0,0,0,1,552.571,552.571,1,Arbitrum
0xc7d2fde79bdae639115607a5bddd1596058e9c29,,,TRUE,,0,0,0,0,0,0,0,2,1357.21,0,0,0,0,1357.21,2,Arbitrum
0xc7df7cb02aa38b8b7c673f490b766fe0df20dafb,,,FALSE,,0,0,0,0,0,0,0,1,678.6051,0,0,0,0,678.6051,1,Arbitrum
0xc80f256367bbe0dea36840819c586b41f911d968,,,FALSE,,2,0,0,0,0,0,0,0,0,2,1159.391,0,0,1159.391,2,Arbitrum
0xc8191d93230187970f679b52e78b2ad3bf665e23,,,FALSE,,1,0,0,0,0,0,0,0,0,1,579.6956,0,0,579.6956,1,Arbitrum
0xc887c8b79bca3f9b6daecddfb68e75e55d4e43a2,,,FALSE,,3,0,0,0,0,0,0,0,0,3,1739.087,0,0,1739.087,3,Arbitrum
0xc8c6bed3c421d3b5ddd0627c7d3ad1f95eab2d67,,,FALSE,,0,0,0,0,0,0,1,0,0,0,0,1,552.571,552.571,1,Optimism
0xc8e0345596d7196941e61d3ab607e57fe61f85e7,,,FALSE,,411,0,0,1,0,0,0,0,0,412,238834.6,0,0,238834.6,412,Arbitrum
0xc8f88b4aef57ac93fe41390194c3a4d77d7df744,,,FALSE,,0,0,0,0,0,0,1,0,0,0,0,1,552.571,552.571,1,Optimism
0xc99ceca50a9a58731e7c31425a372cb6fbd59c6d,,,FALSE,,1,0,0,0,0,0,0,0,0,1,579.6956,0,0,579.6956,1,Arbitrum
0xc9c67603d3107ad53d1816d3096b5b36b52cdedc,,,FALSE,,0,0,0,0,0,0,1,0,0,0,0,1,552.571,552.571,1,Arbitrum
0xca398e17d838f26a7e39efc31d67fae20118272b,,,FALSE,,0,0,0,0,0,0,1,0,0,0,0,1,552.571,552.571,1,Arbitrum
0xca6f3defbc6041299837725f6430f33b0f24e5c0,,,FALSE,,2,0,0,0,0,0,0,0,0,2,1159.391,0,0,1159.391,2,Optimism
0xca768c37ba6ec3d67be7b47bbe1f1c94ca216f46,,,FALSE,,0,0,0,0,0,1,0,0,0,0,0,10,5525.71,5525.71,10,Optimism
0xca9ba74ee20917211ef646ac51accc287f27538b,,,FALSE,,0,0,0,0,0,0,1,0,0,0,0,1,552.571,552.571,1,Arbitrum
0xcac59f91e4536bc0e79ab816a5cd54e89f10433c,,,FALSE,,2,0,0,0,0,0,1,0,0,2,1159.391,1,552.571,1711.962,3,Arbitrum
0xcaed230e3a8ac5fa16595810ade9cb739f47f6ba,,,FALSE,,6,0,0,0,0,0,0,0,0,6,3478.173,0,0,3478.173,6,Arbitrum
0xcb067854146d9e0906daffc403aeb73ac2fcf128,,,FALSE,,1,0,0,0,0,0,0,0,0,1,579.6956,0,0,579.6956,1,Arbitrum
0xcb15649d7b7a1eb01fb1acd14809de6cf82aa1a0,,,FALSE,,0,0,0,0,0,0,1,0,0,0,0,1,552.571,552.571,1,Optimism
0xcb53a818042db647cb01672751b0e4efca29cf55,,,FALSE,,0,0,0,0,0,0,1,0,0,0,0,1,552.571,552.571,1,Arbitrum
0xcc05590ba009b10cb30a7b7e87e2f517ea2f4301,,,FALSE,,0,2,4,0,0,0,0,0,0,1.5,869.5433,0,0,869.5433,1.5,Arbitrum
0xcc2005844aeabbd4d663f7c45c9bd1369eb062b3,,,FALSE,,0,0,0,0,0,0,1,0,0,0,0,1,552.571,552.571,1,Arbitrum
0xcc6543a434ff462435175b850545519b146f62d0,,,FALSE,,2,0,0,0,0,0,0,0,0,2,1159.391,0,0,1159.391,2,Arbitrum
0xcca178a04d83af193330c7927fb9a42212fb1c25,,,FALSE,,2,0,0,0,0,0,0,0,0,2,1159.391,0,0,1159.391,2,Arbitrum
0xccbc4f5bf3e82e350af16a1e5c9ab7a27d698c80,,,FALSE,,0,0,0,0,0,0,1,0,0,0,0,1,552.571,552.571,1,Arbitrum
0xcd7c9b06cbd167e8a2b09af5471441674fbe1ed8,,,FALSE,,1,0,0,0,0,0,0,0,0,1,579.6956,0,0,579.6956,1,Arbitrum
0xcdb13929674d13e1794beabfbe3e64cc93d10005,,,FALSE,,1,0,0,0,0,0,0,0,0,1,579.6956,0,0,579.6956,1,Arbitrum
0xce4b87301ad7c336ef2f1b822ad8bd7e86249ebc,,,FALSE,,2,0,0,0,0,0,0,0,0,2,1159.391,0,0,1159.391,2,Arbitrum
0xce76b221defc722fcffe27a43c7e95b8138373e5,,,FALSE,enlisted,0,0,0,0,0,0,0,1,678.6051,0,0,0,0,678.6051,1,Optimism
0xcf6e8924203ac248e3f6e7fbca15a63b81f665a7,,,FALSE,,1,0,0,0,0,0,0,0,0,1,579.6956,0,0,579.6956,1,Arbitrum
0xcf6f862111c4fa10ef350189d23b825eabffa7cf,,,FALSE,,2,0,0,0,0,0,0,0,0,2,1159.391,0,0,1159.391,2,Arbitrum
0xcfa69328a74c0eac388b889c21eb3ddd9d41a025,,,FALSE,,0,0,0,0,0,0,1,0,0,0,0,1,552.571,552.571,1,Arbitrum
0xcfc14d1dc16f9c737355b678442d7491dc5183bc,,,FALSE,,1,0,0,0,0,0,0,0,0,1,579.6956,0,0,579.6956,1,Optimism
0xcffe08bdf20918007f8ab268c32f8756494fc8d8,,,FALSE,,0,0,0,0,0,0,1,0,0,0,0,1,552.571,552.571,1,Arbitrum
0xd02ae906edc339872b8300020fc4411c4f4036e1,,,FALSE,,0,0,0,0,0,0,3,0,0,0,0,3,1657.713,1657.713,3,Optimism
0xd0594d3984eb00d2730db00531f87e89a63645dd,,,FALSE,,0,3,8,0,0,0,0,0,0,2.75,1594.163,0,0,1594.163,2.75,Optimism
0xd0793c144c7e09c3d7e0da7a8384c31d0577f838,,,FALSE,,0,0,0,0,0,0,1,0,0,0,0,1,552.571,552.571,1,Arbitrum
0xd0adbc8937b3b1f79a815ec7565352fc343edfab,,,FALSE,,10,0,0,0,0,0,0,0,0,10,5796.956,0,0,5796.956,10,Optimism
0xd2ce2670a6428c9ba41c2878a498a2a8c0c1748c,,,FALSE,,0,2,26,0,0,0,0,1,678.6051,7,4057.869,0,0,4736.474,8,Arbitrum
0xd2e5663dc71344fb620f974953c4dfb3d65d16c2,,,FALSE,,0,7,10,0,0,0,0,0,0,4.25,2463.706,0,0,2463.706,4.25,Optimism
0xd30f2888e7928b52ea5bf4cb1d323e0531afe272,,,FALSE,,4,0,0,0,0,0,0,0,0,4,2318.782,0,0,2318.782,4,Optimism
0xd319f112bf73eae5e3cf06bf8d4076cc5f8b1cd5,,,FALSE,,4,0,0,0,0,0,0,0,0,4,2318.782,0,0,2318.782,4,Arbitrum
0xd334533980c201c1b93e39bbe6bd1e04be5c0f5d,,,FALSE,,3,0,0,0,0,0,0,0,0,3,1739.087,0,0,1739.087,3,Arbitrum
0xd35dc42c3812ace3d313f8303114b731d428a0fa,,,TRUE,,0,0,0,0,0,0,0,2,1357.21,0,0,0,0,1357.21,2,Arbitrum
0xd3c31b778e5bc4f343ebf985ddfa4caf7a44ee9a,,,FALSE,,0,0,0,0,0,0,1,0,0,0,0,1,552.571,552.571,1,Optimism
0xd442deb96b90e3b3135653705c3ef1feefb346be,,,FALSE,,0,0,0,0,0,0,1,0,0,0,0,1,552.571,552.571,1,Arbitrum
0xd4da14fbe0988d7e27cdcbfe92322527b11abd51,,,FALSE,,1,0,0,0,0,0,0,0,0,1,579.6956,0,0,579.6956,1,Arbitrum
0xd5442c49777d293bebe36c7e648b94da9024f66d,,,FALSE,,0,0,0,0,0,0,1,0,0,0,0,1,552.571,552.571,1,Optimism
0xd56ee5ba5a52e15f309108bdd6247c69b4f624c2,,Staked,FALSE,,0,0,0,0,0,0,0,2,1357.21,0,0,0,0,1357.21,2,Arbitrum
0xd5a498bbc6d21e4e1cdbb8fec58e3ecd7124fb43,,,FALSE,,1,0,0,0,0,0,0,0,0,1,579.6956,0,0,579.6956,1,Arbitrum
0xd63a8b9699fbe0b0b70c443cda57cd667a77d1b2,,,FALSE,,0,0,0,0,0,0,0,1,678.6051,0,0,0,0,678.6051,1,Arbitrum
0xd66dcff7d207dd5c5d7323d99cc57d00fa92d4ea,,,TRUE,,0,0,0,0,0,0,0,3,2035.815,0,0,0,0,2035.815,3,Arbitrum
0xd67af788ecb24e04a37dbd1e327a024d2e4beed3,,,FALSE,,1,0,0,0,0,0,0,0,0,1,579.6956,0,0,579.6956,1,Arbitrum
0xd683b78e988ba4bdb9fa0e2012c4c36b7cc96aad,Staked,,TRUE,,0,0,0,0,0,0,0,2,1357.21,0,0,0,0,1357.21,2,Arbitrum
0xd6d30f186e802c1558b8137bd730f7f4aec17ae7,,Staked,TRUE,,0,0,0,0,0,0,0,2,1357.21,0,0,0,0,1357.21,2,Optimism
0xd77c6bb30cee69c435948709838eb99d60b33bf2,,,FALSE,,0,0,0,0,0,0,1,0,0,0,0,1,552.571,552.571,1,Arbitrum
0xd8c74902076a815a3d543688f9030037f2a494d8,,,FALSE,,0,0,0,0,0,0,1,0,0,0,0,1,552.571,552.571,1,Arbitrum
0xd8c84eac995150662cc052e6ac76ec184fcf1122,,,FALSE,,0,0,0,0,0,0,1,0,0,0,0,1,552.571,552.571,1,Optimism
0xd8dea87ddcc0c3c1464ded6102e4d3e829d0ae41,,,FALSE,,0,0,0,0,0,0,1,0,0,0,0,1,552.571,552.571,1,Arbitrum
0xd8f6877aec57c3d70f458c54a1382ddc90522e7d,,,FALSE,,1,0,0,0,0,0,0,0,0,1,579.6956,0,0,579.6956,1,Arbitrum
0xd8fbb76d51fcb06d6d8dc29d0d3d69d2a6f41b0c,,,TRUE,,0,20,23,0,0,0,0,1,678.6051,10.75,6231.727,0,0,6910.332,11.75,Arbitrum
0xd93c2407b4ad6ec2ddc383e7481e5dde9870f48d,,,FALSE,,1,0,0,0,0,0,0,0,0,1,579.6956,0,0,579.6956,1,Arbitrum
0xd93e1404d732cfea9f7d863c92efe4e408857b7a,,,FALSE,,1,0,0,0,0,0,0,0,0,1,579.6956,0,0,579.6956,1,Arbitrum
0xd99687ba7bd3d8a96ad3d4a7a9f15493750c5bdb,,,FALSE,,0,4,34,0,0,0,0,0,0,9.5,5507.108,0,0,5507.108,9.5,Optimism
0xd9b94c02e2526f11c6dd2deebd1e64e7afa0be23,,,FALSE,,1,0,0,0,0,0,0,0,0,1,579.6956,0,0,579.6956,1,Arbitrum
0xd9d836ebc67abeec65b29e586f89816dab991f69,,,FALSE,,0,0,0,0,0,0,1,0,0,0,0,1,552.571,552.571,1,Arbitrum
0xda7fc7825eba671c937d4ec6517f66248caa8ef2,,,FALSE,,2,0,0,0,0,0,0,0,0,2,1159.391,0,0,1159.391,2,Arbitrum
0xdadb0d23f30ea579256c224f7319acae8a61a993,,,FALSE,,2,0,0,0,0,0,0,0,0,2,1159.391,0,0,1159.391,2,Arbitrum
0xdae5bcee5fed1c2d1d17610424c215169df5b1aa,,,FALSE,,0,0,0,0,0,0,1,0,0,0,0,1,552.571,552.571,1,Arbitrum
0xdae6ca75bb2afd213e5887513d8b1789122eaaea,,,FALSE,,1,0,0,0,0,0,0,0,0,1,579.6956,0,0,579.6956,1,Arbitrum
0xdaf6f334d49abf1065e6d1dbf5ea04f563d424c2,,,FALSE,,2,0,0,0,0,0,0,0,0,2,1159.391,0,0,1159.391,2,Arbitrum
0xdb704df06a7fa515fe77b30595451346198bc44c,,,FALSE,,0,0,0,0,0,0,0,1,678.6051,0,0,0,0,678.6051,1,Arbitrum
0xdba9648ff976995bd31d9ee9a76d2a95813d6b6b,,,FALSE,,0,8,0,0,0,0,0,0,0,2,1159.391,0,0,1159.391,2,Arbitrum
0xdbab0b75921e3008fd0bb621a8248d969d2d2f0d,,,FALSE,,2,0,0,0,0,0,0,0,0,2,1159.391,0,0,1159.391,2,Optimism
0xdc66441f5a58ad1dd983bb0e3eb17ef8df530383,,,FALSE,,1,0,0,0,0,0,0,0,0,1,579.6956,0,0,579.6956,1,Arbitrum
0xddadff7e0c08332c982d26738979fd619caea6b6,,,FALSE,,1,0,1,0,0,0,0,0,0,1.25,724.6194,0,0,724.6194,1.25,Arbitrum
0xddf543429e415a262e7617d76196621cb8375d20,,,FALSE,,4,0,0,0,0,0,0,0,0,4,2318.782,0,0,2318.782,4,Arbitrum
0xde055950ccaaf115c8d76b33e6503ee403875ccb,,,FALSE,,0,0,0,0,0,0,1,0,0,0,0,1,552.571,552.571,1,Arbitrum
0xdf0bcb3bfbfaa1471639cb04063c077153aae406,,,FALSE,,1,0,0,0,0,0,0,0,0,1,579.6956,0,0,579.6956,1,Arbitrum
0xdf67361193d52ee42cb759eb98ce2c7978dd440e,,,FALSE,,7,0,0,0,0,0,0,0,0,7,4057.869,0,0,4057.869,7,Arbitrum
0xdfa0387f173904fbf36ad26b63279ac47624b55e,,,FALSE,,0,0,0,0,0,0,1,0,0,0,0,1,552.571,552.571,1,Arbitrum
0xdfb7009edd56ada61ce83ef03111815efa604c7e,,,FALSE,,0,0,0,0,0,0,1,0,0,0,0,1,552.571,552.571,1,Arbitrum
0xdfdd672fbb6d47432e89b3c2b8d1e10d28bb77ed,,,FALSE,,1,0,0,0,0,0,0,0,0,1,579.6956,0,0,579.6956,1,Arbitrum
0xe029b0ffd723cc633bccddea51d7cfe11866f521,,,FALSE,,1,0,0,0,0,0,0,0,0,1,579.6956,0,0,579.6956,1,Arbitrum
0xe02a25580b96be0b9986181fd0b4cf2b9fd75ec2,,,FALSE,,2,0,0,0,0,0,0,0,0,2,1159.391,0,0,1159.391,2,Arbitrum
0xe03d3ba9b81a9f71a39d2a1befd5587d698b220e,,,FALSE,,1,0,0,0,0,0,0,0,0,1,579.6956,0,0,579.6956,1,Arbitrum
0xe08d4f39b64597491bf3cdddc2dd7bd72e04847b,,,FALSE,,1,4,17,0,0,0,1,0,0,6.25,3623.097,1,552.571,4175.668,7.25,Arbitrum
0xe11aa477f5628c2cc053c4d8c9b2852d16aba739,,,FALSE,,0,2,25,0,0,0,0,0,0,6.75,3912.945,0,0,3912.945,6.75,Arbitrum
0xe126d84a1c2018b5f5ff821c1539eb8c53f27bf2,,,FALSE,,2,0,0,0,0,0,0,0,0,2,1159.391,0,0,1159.391,2,Arbitrum
0xe1b3011dbc9bf8d30751a3a9866ef452f9ef5c9b,,,FALSE,,0,0,0,0,0,0,0,2,1357.21,0,0,0,0,1357.21,2,Optimism
0xe29891da3b7ba6cdb16c230198ff77b38d172f2c,,,FALSE,,0,0,0,0,0,0,0,1,678.6051,0,0,0,0,678.6051,1,Optimism
0xe2cf670ffb5a6ed270d600fe66ee36e4cb4f56f7,,,FALSE,,0,0,0,0,0,0,1,0,0,0,0,1,552.571,552.571,1,Arbitrum
0xe32339ea896fdfb5a12ad41c97843d1b3e33d5f1,,,FALSE,,0,0,0,0,0,0,0,1,678.6051,0,0,0,0,678.6051,1,Arbitrum
0xe35a42153fecf7710733252fd8ef16b92fac4b95,,,FALSE,,0,9,10,0,0,0,0,0,0,4.75,2753.554,0,0,2753.554,4.75,Arbitrum
0xe36bd8c15a83b89e2e49806d7312846069755c63,,,FALSE,,0,0,0,0,0,0,1,0,0,0,0,1,552.571,552.571,1,Optimism
0xe3a1ebb9a3de6e32b1444c43fb3d651b758570ab,,,FALSE,,0,0,0,0,0,0,2,0,0,0,0,2,1105.142,1105.142,2,Optimism
0xe3f39695d97f39eb5f7d5d8c944f71e3b0c9961d,,,FALSE,,0,0,0,0,0,0,1,0,0,0,0,1,552.571,552.571,1,Arbitrum
0xe40a35702d7ba6d1047067399e586f1c9a6ea417,,,FALSE,,0,0,0,0,0,0,0,1,678.6051,0,0,0,0,678.6051,1,Arbitrum
0xe4453d379deb10667e13ba4d561e2c7fd3e99ff8,,,FALSE,,1,0,0,0,0,0,0,0,0,1,579.6956,0,0,579.6956,1,Optimism
0xe4fb9ca52e39b83be69e74e7fac8f807a9c16ef9,,,TRUE,,0,0,0,0,0,0,0,1,678.6051,0,0,0,0,678.6051,1,Arbitrum
0xe50548454ec410bed6b2338d77121aa67d277ff4,,,TRUE,,0,0,0,0,0,0,0,2,1357.21,0,0,0,0,1357.21,2,Arbitrum
0xe507f2d7de97c783a60fef9f1c4a4dade2b0a989,,,FALSE,,0,0,0,0,0,0,1,0,0,0,0,1,552.571,552.571,1,Arbitrum
0xe5691dfc88e01c16f46560e1a5e6a5ebf0678bf9,,,FALSE,,2,0,0,0,0,0,0,0,0,2,1159.391,0,0,1159.391,2,Arbitrum
0xe5b3789447dc04ec44547a17e358f701531890e6,,,FALSE,,1,0,0,0,0,0,0,0,0,1,579.6956,0,0,579.6956,1,Arbitrum
0xe619d906188cff594d3396c1f82f66ef00dea82c,,,FALSE,,2,0,0,0,0,0,1,0,0,2,1159.391,1,552.571,1711.962,3,Arbitrum
0xe64d330cc8654520815aa3ce90613d89b855e3a0,,,FALSE,,1,0,0,0,0,0,0,0,0,1,579.6956,0,0,579.6956,1,Arbitrum
0xe679d21696f2d833e1d92cf44f88a78e796756a3,,,FALSE,,0,0,0,0,0,0,1,0,0,0,0,1,552.571,552.571,1,Optimism
0xe6a664759836e455d61bdb42c7b8815a59e20a98,,,FALSE,,1,0,0,0,0,0,0,0,0,1,579.6956,0,0,579.6956,1,Arbitrum
0xe6c55b0af75151960005eabae3fe19528c1b131b,,,FALSE,,0,0,0,0,0,0,1,0,0,0,0,1,552.571,552.571,1,Optimism
0xe6e7bb336dacd37640311fbb099f7580172f5613,,,FALSE,,1,0,0,0,0,0,0,0,0,1,579.6956,0,0,579.6956,1,Arbitrum
0xe7304ba0f157f2ade94015934284b6704bc72911,,,TRUE,,0,0,0,0,0,0,0,3,2035.815,0,0,0,0,2035.815,3,Optimism
0xe73052aa21b655c70f4aaa1f947f793c4bf7a95d,,,FALSE,,0,0,0,0,0,0,1,0,0,0,0,1,552.571,552.571,1,Arbitrum
0xe751970824f3bcbf97e611e351c1136776be1ce9,,,FALSE,,0,0,0,0,0,0,1,0,0,0,0,1,552.571,552.571,1,Arbitrum
0xe7cdd6583b674af8d10b89899b134c41846da0bf,,,FALSE,,0,0,0,0,0,0,1,0,0,0,0,1,552.571,552.571,1,Arbitrum
0xe924c09dbc00210d4ad5a4f0343489a170a91d1d,,,FALSE,,0,0,0,0,0,0,1,0,0,0,0,1,552.571,552.571,1,Arbitrum
0xe95ab07a55e8489fe8e81e3281c8b3fd95c7d8af,,,FALSE,,0,0,0,0,0,0,1,0,0,0,0,1,552.571,552.571,1,Arbitrum
0xea1f98aa9afaf22ad60d9e6adb8a48bdb2350738,,,FALSE,,1,0,0,0,0,0,0,0,0,1,579.6956,0,0,579.6956,1,Arbitrum
0xea23c259b637f72d80697d4a4d1302df9f64530b,,,FALSE,,0,0,0,0,0,0,1,0,0,0,0,1,552.571,552.571,1,Arbitrum
0xea886349d44aa81de644f0f02105707f563103e6,,,FALSE,,0,0,0,0,0,0,1,0,0,0,0,1,552.571,552.571,1,Arbitrum
0xeb0c7257ca4c4b03ea4b704eece7844c95efafdf,,,FALSE,,3,10,0,0,0,0,0,0,0,5.5,3188.326,0,0,3188.326,5.5,Optimism
0xebdb626c95a25f4e304336b1adcad0521a1bdca1,,,TRUE,,0,0,0,0,0,0,0,1,678.6051,0,0,0,0,678.6051,1,Arbitrum
0xebfaacd885e18c21f7b8923b4cddf8a89feaef87,,,FALSE,,0,0,0,0,0,0,0,1,678.6051,0,0,0,0,678.6051,1,Arbitrum
0xec7b1b0da006fbe8d8936feec5ff239df45116a5,,,FALSE,,1,0,0,0,0,0,0,0,0,1,579.6956,0,0,579.6956,1,Arbitrum
0xecb16883555ceb1cf7a41ec582bb787cfaa57e37,,,FALSE,,0,0,0,0,0,0,1,0,0,0,0,1,552.571,552.571,1,Optimism
0xecee5497b9dbb82e1804e3224f67d00d8d891c69,,,FALSE,,4,0,0,0,0,0,0,0,0,4,2318.782,0,0,2318.782,4,Optimism
0xed4bbc5c09c85fa3f519e6b1c55be9fe6704ade9,,,FALSE,,1,0,0,0,0,0,0,0,0,1,579.6956,0,0,579.6956,1,Arbitrum
0xed6b3dc95e6e41156cde61a206668935d7e958a4,,,FALSE,,9,0,0,0,0,0,1,0,0,9,5217.26,1,552.571,5769.831,10,Arbitrum
0xedb54d30f854212063f5134a97616b7af997c043,,,FALSE,,0,1,0,0,0,0,0,0,0,0.25,144.9239,0,0,144.9239,0.25,Arbitrum
0xedf7b675a2fe3c27efb263fb4c204a3f0fb17d46,,,TRUE,,3,0,0,0,0,0,0,1,678.6051,3,1739.087,0,0,2417.692,4,Arbitrum
0xee1e438e4d9e06958a8b86a7b2c969e9b7e5e982,,,FALSE,,1,0,0,0,0,0,0,0,0,1,579.6956,0,0,579.6956,1,Optimism
0xee267c7feaa2f78b59e4ec568fad76bccf375c36,,,FALSE,,0,0,0,0,0,0,1,0,0,0,0,1,552.571,552.571,1,Optimism
0xee32d08e674dbc7ed9547f02e39da62a4689e7b5,,,FALSE,,2,0,0,0,0,0,0,0,0,2,1159.391,0,0,1159.391,2,Arbitrum
0xee5fd8173cbad40af7167edbeb27780b6f1fdef5,,,FALSE,,1,0,0,0,0,0,0,0,0,1,579.6956,0,0,579.6956,1,Optimism
0xeeed4a560ff22459805b47bbb35750bb64da0d6a,,,FALSE,,1,0,0,0,0,0,0,0,0,1,579.6956,0,0,579.6956,1,Arbitrum
0xef0ca09fbf9a5f61e657fb208b46b8685c1d4766,,,FALSE,,0,0,0,0,0,0,0,1,678.6051,0,0,0,0,678.6051,1,Arbitrum
0xefa80a25527fcdde37058aad50983f5c5f72039c,,,FALSE,,0,0,0,0,0,0,1,0,0,0,0,1,552.571,552.571,1,Arbitrum
0xefbeda27db1429b8731778154081cc0842f0a81b,,,FALSE,,0,0,0,0,0,0,1,0,0,0,0,1,552.571,552.571,1,Arbitrum
0xefeb7928b21c7cbde75614748dfab1daeaf2caf0,,,FALSE,,2,0,0,0,0,0,0,0,0,2,1159.391,0,0,1159.391,2,Arbitrum
0xf068f2c64059f560eecb0cf093aa2de19dd8aa9e,,,FALSE,,1,0,0,0,0,0,0,0,0,1,579.6956,0,0,579.6956,1,Arbitrum
0xf1cc11ce17f7b593440e437f75f73cdd76827226,,,FALSE,,0,0,0,0,0,0,1,0,0,0,0,1,552.571,552.571,1,Arbitrum
0xf2133ed357943e193714bfa507841361862dcbc6,,,FALSE,,0,0,0,0,0,0,1,0,0,0,0,1,552.571,552.571,1,Arbitrum
0xf283ede9aee038f226a620ca04b43131c60cace2,,,FALSE,,3,0,0,0,0,0,0,0,0,3,1739.087,0,0,1739.087,3,Arbitrum
0xf2fb34c4323f9bf4a5c04fe277f96588dde5316f,,Staked,FALSE,,0,40,0,0,0,0,0,1,678.6051,10,5796.956,0,0,6475.561,11,Arbitrum
0xf396923a852cb675aa52604ecd6489385da4b9cf,,,FALSE,,3,0,0,0,0,0,0,0,0,3,1739.087,0,0,1739.087,3,Arbitrum
0xf424dd28154ad4461d075e3374649a85b8362ed0,,,FALSE,,3,0,0,0,0,0,1,0,0,3,1739.087,1,552.571,2291.658,4,Arbitrum
0xf53c6b61b39efb0244d5dc5a1a256768d9e6216a,,,FALSE,,1,0,0,0,0,0,0,0,0,1,579.6956,0,0,579.6956,1,Arbitrum
0xf55862d517cf542da9fbf15eff8f37c146af2a9f,,,FALSE,,0,0,0,0,0,0,1,0,0,0,0,1,552.571,552.571,1,Arbitrum
0xf5612f796e0e7a38a335b24f476c99c1112d6ac0,,,FALSE,,1,0,0,0,0,0,0,0,0,1,579.6956,0,0,579.6956,1,Arbitrum
0xf599d8e20b706b6122184c5d0b47c29db9c8b78b,,,FALSE,,1,0,0,0,0,0,0,0,0,1,579.6956,0,0,579.6956,1,Arbitrum
0xf5ab6d2dc24802870be5365941f7d5bdb5753cc1,,,FALSE,,1,0,0,0,0,0,0,0,0,1,579.6956,0,0,579.6956,1,Arbitrum
0xf5af2f81ea94dbfff841799f1a5ef3bbbe86aa0c,,,FALSE,,3,0,0,0,0,0,0,0,0,3,1739.087,0,0,1739.087,3,Arbitrum
0xf5dcb2a47f738d8ba39f9fa2ddc7592f268a262a,,,TRUE,,0,0,0,0,0,0,0,2,1357.21,0,0,0,0,1357.21,2,Arbitrum
0xf62405e188bb9629ed623d60b7c70dcc4e2abd81,,,TRUE,,0,0,0,0,0,0,0,2,1357.21,0,0,0,0,1357.21,2,Arbitrum
0xf6aafb44bc183d3083bfae12d743d947ca376562,,,FALSE,,1,0,0,0,0,0,0,0,0,1,579.6956,0,0,579.6956,1,Arbitrum
0xf7b10d603907658f690da534e9b7dbc4dab3e2d6,,,TRUE,,0,0,0,0,0,0,1,3,2035.815,0,0,1,552.571,2588.386,4,Arbitrum
0xf7b18e107eb36797f4ce36de756630b9c30969ad,,,FALSE,,5,0,0,0,0,0,0,0,0,5,2898.478,0,0,2898.478,5,Arbitrum
0xf800d8407b1488bb6dc3789c2d45147c25c38af5,,,FALSE,,0,0,0,0,0,0,0,2,1357.21,0,0,0,0,1357.21,2,Arbitrum
0xf8e07d60d9b7651a319eda851d9579590bde12e3,,,FALSE,,2,2,10,0,0,0,0,2,1357.21,5,2898.478,0,0,4255.688,7,Arbitrum
0xf9107317b0ff77ed5b7adea15e50514a3564002b,,,FALSE,,0,0,0,0,0,0,1,2,1357.21,0,0,1,552.571,1909.781,3,Arbitrum
0xf9e7fd7ddb0b6459ae5b675e9c78c5e0bd0b2757,,,FALSE,,1,0,0,0,0,0,0,0,0,1,579.6956,0,0,579.6956,1,Arbitrum
0xfa93c9a95727268b88ff77b5396ed3b8b59a1ba1,,,FALSE,,0,0,0,0,0,0,1,0,0,0,0,1,552.571,552.571,1,Arbitrum
0xfacade560c19aa1927ae4edee886a2e7ca424b36,,,TRUE,,0,0,0,0,0,0,0,2,1357.21,0,0,0,0,1357.21,2,Arbitrum
0xfb17199bb361daed5b8df4e0d263f2f6cb990c50,,,TRUE,,0,0,0,0,0,0,0,2,1357.21,0,0,0,0,1357.21,2,Arbitrum
0xfb40932271fc9db9dbf048e80697e2da4aa57250,,,FALSE,,0,0,0,0,0,0,1,0,0,0,0,1,552.571,552.571,1,Optimism
0xfb50d336124f7189ecacb0144e8977240e8a00f3,,,FALSE,,6,0,0,0,0,0,0,0,0,6,3478.173,0,0,3478.173,6,Arbitrum
0xfba674dbbbfafed6da9895051e5204de824325b9,,,FALSE,,1,0,0,0,0,0,0,0,0,1,579.6956,0,0,579.6956,1,Arbitrum
0xfc0b21ce3ffdb8fc73554ba3054e881cfa65aa7e,,,FALSE,,3,0,0,0,0,0,0,0,0,3,1739.087,0,0,1739.087,3,Arbitrum
0xfc32260a554556417e2ddd7b5872566905d2d482,,,FALSE,,8,0,0,0,0,0,0,0,0,8,4637.564,0,0,4637.564,8,Optimism
0xfc346690666b1f3e0b8fa729f94cce64969ed074,,,FALSE,,2,0,0,0,0,0,0,0,0,2,1159.391,0,0,1159.391,2,Arbitrum
0xfca32b89d0981e69c8dadcdcc0668b0e01c810cf,,,TRUE,,0,0,0,0,0,0,0,3,2035.815,0,0,0,0,2035.815,3,Arbitrum
0xfe1f9161c43550b38d4facdc070889461b5bc886,,,FALSE,,1,0,0,0,0,0,0,0,0,1,579.6956,0,0,579.6956,1,Arbitrum
0xfec2de8d9e77214cd219cd03c0e722d82b4de541,,,FALSE,,3,0,0,0,0,0,0,0,0,3,1739.087,0,0,1739.087,3,Arbitrum
0xfec85f09d047ae4063c86ef62e0102150d5eff53,Staked,,FALSE,,0,0,0,0,0,0,0,1,678.6051,0,0,0,0,678.6051,1,Optimism
0xfeeaa6a2ae0d4a15e947afc71dc249a29dc2778d,,,FALSE,,0,0,0,0,0,0,0,1,678.6051,0,0,0,0,678.6051,1,Arbitrum
0xfef14e59971713d404fcbf8470cc4be6298c71a5,,,FALSE,,1,0,0,0,0,0,0,0,0,1,579.6956,0,0,579.6956,1,Arbitrum
0xff794ff176dde7640064983d8f2b942b12a4ab7d,,,FALSE,,0,0,0,0,0,0,1,0,0,0,0,1,552.571,552.571,1,Arbitrum
0x037b22bd2ed3df1e5bb8fbf7faa2feac9dda22b0,,,TRUE,,0,0,0,0,0,0,0,1,678.6051,0,0,0,0,678.6051,1,Optimism
0x03cddb901b84f7e4d49350fedf0b764ab6fcfe73,,,TRUE,,0,0,0,0,0,0,0,1,678.6051,0,0,0,0,678.6051,1,Arbitrum
0x04212df3f275bb55fd6f7354fb4f1f44c1a7a007,,,TRUE,,0,0,0,0,0,0,0,1,678.6051,0,0,0,0,678.6051,1,Arbitrum
0x05a14b575cb4642d3bd06c90f7c50534793bf47a,,,TRUE,,0,0,0,0,0,0,0,1,678.6051,0,0,0,0,678.6051,1,Arbitrum
0x071b8bc181ae7cb03f5faece9b5b8b25be9b0982,,,TRUE,,0,0,0,0,0,0,0,1,678.6051,0,0,0,0,678.6051,1,Arbitrum
0x09173487b272311edda01f45f97911aeb6abd602,,,TRUE,,0,0,0,0,0,0,0,1,678.6051,0,0,0,0,678.6051,1,Arbitrum
0x09a98b8b15c9fadff8524503768479b26ede3ec7,,,TRUE,,0,0,0,0,0,0,0,1,678.6051,0,0,0,0,678.6051,1,Arbitrum
0x0c726d9da0b670745c33558926f561a1a7537c3a,,,TRUE,,0,0,0,0,0,0,0,1,678.6051,0,0,0,0,678.6051,1,Optimism
0x1074d44bdd446b224691c752b0e9f85c92c4d787,,,TRUE,,0,0,0,0,0,0,0,1,678.6051,0,0,0,0,678.6051,1,Arbitrum
0x116ab27d13bccae95819b086486b976d3d8d2a3c,,,TRUE,,0,0,0,0,0,0,0,1,678.6051,0,0,0,0,678.6051,1,Arbitrum
0x193f0ee42a199a0cecd479a9f09ba293eb1ca357,,,TRUE,,0,0,0,0,0,0,0,1,678.6051,0,0,0,0,678.6051,1,Arbitrum
0x1b366f42d0478aff04c77105b4e994fa574dadca,,,TRUE,,0,0,0,0,0,0,0,1,678.6051,0,0,0,0,678.6051,1,Arbitrum
0x1d34c46a0ed5aae7834ca1cbaf97ac453319a2f8,,,TRUE,,0,0,0,0,0,0,0,1,678.6051,0,0,0,0,678.6051,1,Arbitrum
0x1ef8a0024942433871ba035bf14e4015e7583a77,,,TRUE,,0,0,0,0,0,0,0,1,678.6051,0,0,0,0,678.6051,1,Arbitrum
0x1fd7dae8ce6190509486e657629975e10ecfef60,,,TRUE,,0,0,0,0,0,0,0,1,678.6051,0,0,0,0,678.6051,1,Arbitrum
0x203a67b09429d1baa2c56eb4c57634e498f07819,,,TRUE,,0,0,0,0,0,0,0,1,678.6051,0,0,0,0,678.6051,1,Arbitrum
0x21c8ca3d08213f2f791a8bf83b13be7037ee453e,,,TRUE,,0,0,0,0,0,0,0,1,678.6051,0,0,0,0,678.6051,1,Arbitrum
0x24e9fb39c5f69a9dfc6558a3df26468731cd76c1,,,TRUE,,0,0,0,0,0,0,0,1,678.6051,0,0,0,0,678.6051,1,Arbitrum
0x251ccf44f5963ed48634067e71d392f340918c5c,,,TRUE,,0,0,0,0,0,0,0,1,678.6051,0,0,0,0,678.6051,1,Arbitrum
0x273e9c8198378640f5f007379034b5fa201ef119,,,TRUE,,0,0,0,0,0,0,0,1,678.6051,0,0,0,0,678.6051,1,Arbitrum
0x2bfe66759f0331066f3e7d57b3dc9a96bfc17927,,,TRUE,,0,0,0,0,0,0,0,1,678.6051,0,0,0,0,678.6051,1,Arbitrum
0x2b6efcce98fe1e46967f8ce49bd258007c796945,,,TRUE,,0,0,0,0,0,0,0,1,678.6051,0,0,0,0,678.6051,1,Optimism
0x32a59b87352e980dd6ab1baf462696d28e63525d,,,TRUE,,0,0,0,0,0,0,0,1,678.6051,0,0,0,0,678.6051,1,Arbitrum
0x386ee9dc427598e3f8f03203c2aca0a342f3ea96,,,TRUE,,0,0,0,0,0,0,0,1,678.6051,0,0,0,0,678.6051,1,Arbitrum
0x3ad88d19282c9020dc305b75165eed3e8833efca,,,TRUE,,0,0,0,0,0,0,0,1,678.6051,0,0,0,0,678.6051,1,Optimism
0x41d0faaa1023cea1bd8c600291ee35fb218ce2e1,,,TRUE,,0,0,0,0,0,0,0,1,678.6051,0,0,0,0,678.6051,1,Arbitrum
0x42087c28f296d3b2dab56e3f5d1aca1388f2be5b,,,TRUE,,0,0,0,0,0,0,0,1,678.6051,0,0,0,0,678.6051,1,Optimism
0x4718fc7e40092a9d5fc584699aea1aa4c6f63d33,,,TRUE,,0,0,0,0,0,0,0,1,678.6051,0,0,0,0,678.6051,1,Arbitrum
0x4740988434aab9d22d5e096f0551605be9f9637d,,,TRUE,,0,0,0,0,0,0,0,1,678.6051,0,0,0,0,678.6051,1,Arbitrum
0x4d3a307aec8eeea1ac093b1b2f4dca8e23a064ca,,,TRUE,,0,0,0,0,0,0,0,1,678.6051,0,0,0,0,678.6051,1,Arbitrum
0x4a0f8323a112944d54c4630e10eb77c198fa9e4c,,,TRUE,,0,0,0,0,0,0,0,1,678.6051,0,0,0,0,678.6051,1,Arbitrum
0x54d6e8f883d1858b4080d10ae2a1c6f0afb5feb3,,,TRUE,,0,0,0,0,0,0,0,1,678.6051,0,0,0,0,678.6051,1,Arbitrum
0x5b7aa47a8ae661db9e63030f57f68134317ba205,,,TRUE,,0,0,0,0,0,0,0,1,678.6051,0,0,0,0,678.6051,1,Arbitrum
0x6fb651cdd003a7eba1998e9c77d9ee0eca102e86,,,TRUE,,0,0,0,0,0,0,0,1,678.6051,0,0,0,0,678.6051,1,Optimism
0x70e439584ef1ba300106b9c16543eaa1de676dc2,,,TRUE,,0,0,0,0,0,0,0,1,678.6051,0,0,0,0,678.6051,1,Arbitrum
0x70f6e508d68e2163e746a383de8266d19c9df08d,,,TRUE,,0,0,0,0,0,0,0,1,678.6051,0,0,0,0,678.6051,1,Arbitrum
0x733608d814bf115e481f1d02a7c0a31d9eaf7416,,,TRUE,,0,0,0,0,0,0,0,1,678.6051,0,0,0,0,678.6051,1,Arbitrum
0x78eb06f13cc29a3231a9256d21cecb452499c064,,,TRUE,,0,0,0,0,0,0,0,1,678.6051,0,0,0,0,678.6051,1,Optimism
0x7bcde8fdb33375dbdffd6f4022ab5c1ecf3a8846,,,TRUE,,0,0,0,0,0,0,0,1,678.6051,0,0,0,0,678.6051,1,Arbitrum
0x7b06de0b281b0aec76498281e82c320c8801970f,,,TRUE,,0,0,0,0,0,0,0,1,678.6051,0,0,0,0,678.6051,1,Arbitrum
0x7dea224cd408d33fa0064092a103ac7ec7b946aa,,,TRUE,,0,0,0,0,0,0,0,1,678.6051,0,0,0,0,678.6051,1,Arbitrum
0x7fdf77e88cbe0815fe6c8f32cc2c24d81678bd07,,,TRUE,,0,0,0,0,0,0,0,1,678.6051,0,0,0,0,678.6051,1,Arbitrum
0x85515e6ad6b92f6fb55b61e5eeba44ae07adbc0e,,,TRUE,,0,0,0,0,0,0,0,1,678.6051,0,0,0,0,678.6051,1,Arbitrum
0x8bc110db7029197c3621bea8092ab1996d5dd7be,,,TRUE,,0,0,0,0,0,0,0,1,678.6051,0,0,0,0,678.6051,1,Arbitrum
0x8ca085d6f8111b24f9e3d3584e28726ad3aaa940,,,TRUE,,0,0,0,0,0,0,0,1,678.6051,0,0,0,0,678.6051,1,Arbitrum
0x9209d23ec84202dd616324addf58faa36f7830c9,,,TRUE,,0,0,0,0,0,0,0,1,678.6051,0,0,0,0,678.6051,1,Arbitrum
0x947e347e899f74a2c3501297d1886f8bcd3ee3df,,,TRUE,,0,0,0,0,0,0,0,1,678.6051,0,0,0,0,678.6051,1,Arbitrum
0x96a514b17c75999c1989be54d5bf7535e20e7b81,,,TRUE,,0,0,0,0,0,0,0,1,678.6051,0,0,0,0,678.6051,1,Arbitrum
0x9a568bfeb8cb19e4bafcb57ee69498d57d9591ca,,,TRUE,,0,0,0,0,0,0,0,1,678.6051,0,0,0,0,678.6051,1,Arbitrum
0x9b616ac1d31f17be9b23560d93699ca7732e2808,,,TRUE,,0,0,0,0,0,0,0,1,678.6051,0,0,0,0,678.6051,1,Arbitrum
0x9d337f7bc48c02da80a616626e18a4740af39284,,,TRUE,,0,0,0,0,0,0,0,1,678.6051,0,0,0,0,678.6051,1,Arbitrum
0xa2490947b30258b522b7d6fd8fabec2d21c42d57,,,TRUE,,0,0,0,0,0,0,0,1,678.6051,0,0,0,0,678.6051,1,Optimism
0xaabd5fbcb8ad62d4fbbb02a2e9769a9f2ee7e883,,,TRUE,,0,0,0,0,0,0,0,1,678.6051,0,0,0,0,678.6051,1,Arbitrum
0xc53539fd4d109840dbfe8c759ba7fc2e7200709b,,,TRUE,,0,0,0,0,0,0,0,1,678.6051,0,0,0,0,678.6051,1,Arbitrum
0xc8658f4158bd82404fc1c94e203798a9313d2d1f,,,TRUE,,0,0,0,0,0,0,0,1,678.6051,0,0,0,0,678.6051,1,Arbitrum
0xc8d6f9665d18163c2b5b4f9c4158f56b96c50f87,,,TRUE,,0,0,0,0,0,0,0,1,678.6051,0,0,0,0,678.6051,1,Arbitrum
0xe3e202b2cac2b3ec41219c69fe0d2352b19cef69,,,TRUE,,0,0,0,0,0,0,0,1,678.6051,0,0,0,0,678.6051,1,Optimism
0xef08065a06287747ebf95909c1bd432607d87033,,,TRUE,,0,0,0,0,0,0,0,1,678.6051,0,0,0,0,678.6051,1,Optimism
0xf0f3cf89a05057eb2e129083920d81ff657f9f76,,,TRUE,,0,0,0,0,0,0,0,1,678.6051,0,0,0,0,678.6051,1,Arbitrum
0xf7fbeef3c939b6535a23635cbd192edcbffa8c95,,,TRUE,,0,0,0,0,0,0,0,1,678.6051,0,0,0,0,678.6051,1,Arbitrum
0xf8bdea26a456023ee780a10252ea10fc8ebb1fcd,,,TRUE,,0,0,0,0,0,0,0,1,678.6051,0,0,0,0,678.6051,1,Optimism
0xa60dd9d42fdd43e91da63bd261997e14f21c69fd,,,TRUE,,0,0,0,0,0,0,0,1,678.6051,0,0,0,0,678.6051,1,Optimism
0xaf616daba40f81b75af5373294d4dbe29dd0e0f6,,,TRUE,,0,0,0,0,0,0,0,1,678.6051,0,0,0,0,678.6051,1,Arbitrum
0xaedc687fa5376d2fe9d4b81ebfc8c2ba30ba54ae,,,TRUE,,0,0,0,0,0,0,0,1,678.6051,0,0,0,0,678.6051,1,Arbitrum
0xc4ed448e7d7bdd954e943954459017be63584f69,,,TRUE,,0,0,0,0,0,0,0,1,678.6051,0,0,0,0,678.6051,1,Arbitrum
0xc951d3463ebba4e9ec8ddfe1f42bc5895c46ec8f,,,TRUE,,0,0,0,0,0,0,0,1,678.6051,0,0,0,0,678.6051,1,Optimism
0xd28740ac78aa7e77db55b26be722c71849d6957f,,,TRUE,,0,0,0,0,0,0,0,1,678.6051,0,0,0,0,678.6051,1,Arbitrum
0xe1690f5153ad0bbc683964aa81645c49b3cf6567,,,TRUE,,0,0,0,0,0,0,0,1,678.6051,0,0,0,0,678.6051,1,Optimism
0xed02dac9726f15498559c05ce56470ab4d18eaef,,,TRUE,,0,0,0,0,0,0,0,1,678.6051,0,0,0,0,678.6051,1,Arbitrum
0xef764bac8a438e7e498c2e5fccf0f174c3e3f8db,,,TRUE,,0,0,0,0,0,0,0,1,678.6051,0,0,0,0,678.6051,1,Arbitrum
0xf55868968409401ec70e3527c3dc50335ee27f4e,,,TRUE,,0,0,0,0,0,0,0,1,678.6051,0,0,0,0,678.6051,1,Arbitrum
