ens,addr
0009p.eth,0xf119f37754c80200e6838424af3d4b56a00d669b
rokas.eth,0x4d0cc31a8e6b834a0ea30290f67b88f1d404f576
brrcapital.eth,0xd0cd8ea7563cdc2bb8ad6a6be2e5b5d56b80595a
bigppdao.eth,0x8989859156070a1bc64f8833dbbc19dc1bd1a2b8
marimba.eth,0x95a4350e1cb5e795d3ebe8bee63d9183de5449d1
somerandomname.eth,0xce2726425feab8b3722c1d7860a2bf609adde6b2
web3tower.eth,0xd4416b13d2b3a9abae7acd5d6c2bbdbe25686401
monolithos.eth,0xd4416b13d2b3a9abae7acd5d6c2bbdbe25686401
oxvitaly.eth,0x9e6715d99fc78dc09c573a9047e18e1494fdaa41
hodlnaut.eth,0xb3687b5617c212f270e52b780f073e3c8cb2ecc6
loiluu.eth,0xc8a1dab586dee8a30cb88c87b8a3614e0a391fc5
rainbowllama.eth,0xd4416b13d2b3a9abae7acd5d6c2bbdbe25686401
pvp.eth,0x52a42429bdaad4396f128cb92167e64a96be8a61
ethhhhhh6.eth,0xd4416b13d2b3a9abae7acd5d6c2bbdbe25686401
bruhnetwork.eth,0x3a6154998397441c7da755e93eecc2f2460be365
dormin0x.eth,0xd4416b13d2b3a9abae7acd5d6c2bbdbe25686401
piracypunksdao.eth,0x76c8d56ff5158923f2204d545638f779815877b7
random.eth,0x99988890f2de1d59e1eb76d2f34cde371044b8c8
smsunarto.eth,0xea23c259b637f72d80697d4a4d1302df9f64530b
amplice.eth,0x84641137bac4db68de94ec3d2ed89ace0aa88f20
huevos.eth,0xf1ae9c34000e41098cfc923f00fd08c1801d27ba
hereforfun.eth,0xf24b6606394e54f23a4c5473dd3a817f340a3250
soppresamurai.eth,0xd4416b13d2b3a9abae7acd5d6c2bbdbe25686401
holeefook.eth,0x9cff8941cbcc65ce6c97320ed06cc17aa5f66dc2
pandudao.eth,0x33498977491c9a5c5a9f0a0c978a75b734a2e2ca
honmashinsei.eth,0x4c3ac06e10c7aebd4daa17832f724fcc7b19b850
sarcasticplastic.eth,0xd4416b13d2b3a9abae7acd5d6c2bbdbe25686401
gbaci.eth,0xd69517e958ecc2ae83077341cd829849962241cc
nanotype.eth,0xd4416b13d2b3a9abae7acd5d6c2bbdbe25686401
intotheeth.eth,0x3ddf02f2d6e3afe2b0118a79b3656a5d88daaaad
woohankyung.eth,0xa03a9d1ac64ab54e12799aa1e8681cecaa3370a5
e0x00.eth,0xd4416b13d2b3a9abae7acd5d6c2bbdbe25686401
0xarale.eth,0x942b04e62bd86b1e273f3df3e52b7a980b5f07ba
y10.eth,0x433bc2175a972fd3cb1a9e72e84b7cb7b32a1f56
eth4ever.eth,0x947d9bcdc2c34df8587630caf45b2a2bf07c88cb
gegeneis.eth,0x43397a347105078cfa99196b06e3e3dd1411d845
demboy.eth,0x8fc6e825aafc90142b8445145e9abe62cc46cbb3
westcoastwalker.eth,0xf8991074bbeac7c1b5a9b13de5069d8a8446bd03
thefrogpepe.eth,0x5660d44caa2ed7ab877831ee543f65bf7f45b61b
1hary1.eth,0xba671412b66993815826399549d18f2c357e336d
